Datetime,Open,High,Low,Close,Volume,Adj Close,Prediction,pointpos,Prediction_plot,Portfolio Value,Cumulative Returns,Drawdown
2024-09-24 04:00:00+00:00,63124.01,63140.0,63124.0,63140.0,251799,872,0,63124.0005,1,10000.0,,0.0
2024-09-24 04:01:00+00:00,63140.0,63140.0,63100.0,63108.57,249682,2085,1,63100.0005,1,10002.216814610123,0.000221681461012313,0.0
2024-09-24 04:02:00+00:00,63108.57,63124.0,63108.56,63122.56,242733,1102,0,63108.5605,1,10002.216814610123,0.000221681461012313,0.0
2024-09-24 04:03:00+00:00,63122.56,63122.56,63110.0,63116.55,118543,982,0,63110.0005,1,10002.216814610123,0.000221681461012313,0.0
2024-09-24 04:04:00+00:00,63116.54,63116.55,63087.24,63089.88,141147,1226,0,63087.2405,1,10002.216814610123,0.000221681461012313,0.0
2024-09-24 04:05:00+00:00,63089.87,63106.0,63086.0,63106.0,188512,1300,0,63086.0005,1,10002.216814610123,0.000221681461012313,0.0
2024-09-24 04:06:00+00:00,63105.99,63105.99,63088.01,63088.02,764207,1437,0,63088.0105,1,10002.216814610123,0.000221681461012313,0.0
2024-09-24 04:07:00+00:00,63088.02,63089.91,63076.1,63076.11,216165,650,0,63076.1005,1,10002.216814610123,0.000221681461012313,0.0
2024-09-24 04:08:00+00:00,63076.1,63076.11,63045.09,63045.09,148983,1681,3,63045.0905,1,10006.484547946899,0.00064845479468989,0.0
2024-09-24 04:09:00+00:00,63045.1,63061.49,63045.1,63053.22,95319,641,2,63045.1005,1,10009.463328649374,0.0009463328649372826,0.0
2024-09-24 04:10:00+00:00,63053.23,63068.4,63048.46,63062.01,959575,1462,1,63048.4605,1,10011.047395570486,0.0011047395570484841,0.0
2024-09-24 04:11:00+00:00,63062.01,63076.83,63049.51,63071.99,2808533,1715,0,63049.5105,1,10011.047395570486,0.0011047395570484841,0.0
2024-09-24 04:12:00+00:00,63071.99,63072.02,63064.99,63064.99,379566,424,0,63064.9905,1,10011.047395570486,0.0011047395570484841,0.0
2024-09-24 04:13:00+00:00,63064.99,63065.0,63064.31,63064.5,381886,228,1,63064.3105,1,10012.555453990957,0.001255545399095448,0.0
2024-09-24 04:14:00+00:00,63064.51,63074.0,63064.5,63074.0,453162,621,0,63064.5005,1,10012.555453990957,0.001255545399095448,0.0
2024-09-24 04:15:00+00:00,63074.0,63074.0,63069.46,63070.8,212313,411,0,63069.4605,1,10012.555453990957,0.001255545399095448,0.0
2024-09-24 04:16:00+00:00,63070.81,63070.81,63060.0,63060.0,325363,1036,0,63060.0005,1,10012.555453990957,0.001255545399095448,0.0
2024-09-24 04:17:00+00:00,63060.0,63060.01,63009.09,63023.9,2840663,2295,0,63009.0905,1,10012.555453990957,0.001255545399095448,0.0
2024-09-24 04:18:00+00:00,63023.91,63023.91,62999.9,63015.99,1714440,787,0,62999.9005,1,10012.555453990957,0.001255545399095448,0.0
2024-09-24 04:19:00+00:00,63015.99,63016.0,63002.0,63002.0,354976,1022,0,63002.0005,1,10012.555453990957,0.001255545399095448,0.0
2024-09-24 04:20:00+00:00,63002.0,63002.01,62959.9,62976.0,1574183,1390,3,62959.9005,1,10023.048795263243,0.0023048795263240773,0.0
2024-09-24 04:21:00+00:00,62976.0,62992.41,62971.59,62992.41,1420142,1263,2,62971.5905,1,10030.939317149245,0.003093931714924114,0.0
2024-09-24 04:22:00+00:00,62992.4,63000.0,62992.4,63000.0,185573,384,1,62992.4005,1,10037.626610027344,0.0037626610027339247,0.0
2024-09-24 04:23:00+00:00,63000.0,63042.0,62999.99,63042.0,380495,526,0,62999.9905,1,10037.626610027344,0.0037626610027339247,0.0
2024-09-24 04:24:00+00:00,63041.99,63042.0,63036.0,63036.0,303677,527,1,63036.0005,1,10043.677593769668,0.004367759376966429,0.0
2024-09-24 04:25:00+00:00,63036.01,63080.01,63036.0,63074.0,2565900,1273,0,63036.0005,1,10043.677593769668,0.004367759376966429,0.0
2024-09-24 04:26:00+00:00,63074.0,63074.01,63064.29,63064.3,234554,619,0,63064.2905,1,10043.677593769668,0.004367759376966429,0.0
2024-09-24 04:27:00+00:00,63064.3,63064.3,63059.9,63059.9,63003,317,2,63059.9005,1,10051.972480521526,0.00519724805215227,0.0
2024-09-24 04:28:00+00:00,63059.91,63069.99,63059.9,63068.27,596547,558,1,63059.9005,1,10058.939085394684,0.005893908539468029,0.0
2024-09-24 04:29:00+00:00,63068.26,63111.99,63068.26,63111.98,237576,2586,0,63068.2605,1,10058.939085394684,0.005893908539468029,0.0
2024-09-24 04:30:00+00:00,63111.99,63115.6,63084.01,63084.01,342245,1659,2,63084.0105,1,10061.169833849082,0.006116983384907959,0.0
2024-09-24 04:31:00+00:00,63084.02,63098.71,63084.01,63092.01,121719,902,1,63084.0105,1,10062.125048420701,0.00621250484206981,0.0
2024-09-24 04:32:00+00:00,63092.0,63100.0,63092.0,63098.0,264071,555,0,63092.0005,1,10062.125048420701,0.00621250484206981,0.0
2024-09-24 04:33:00+00:00,63098.0,63098.01,63084.27,63084.28,134214,809,0,63084.2705,1,10062.125048420701,0.00621250484206981,0.0
2024-09-24 04:34:00+00:00,63084.27,63084.28,63070.13,63070.14,205090,624,0,63070.1305,1,10062.125048420701,0.00621250484206981,0.0
2024-09-24 04:35:00+00:00,63070.13,63070.14,63054.03,63054.03,429689,989,0,63054.0305,1,10062.125048420701,0.00621250484206981,0.0
2024-09-24 04:36:00+00:00,63054.03,63054.03,63050.04,63050.05,83009,337,0,63050.0405,1,10062.125048420701,0.00621250484206981,0.0
2024-09-24 04:37:00+00:00,63050.04,63050.05,63050.04,63050.04,68057,183,3,63050.0405,1,10063.377826081589,0.0063377826081585376,0.0
2024-09-24 04:38:00+00:00,63050.05,63055.0,63050.04,63054.99,162595,337,2,63050.0405,1,10063.840656948672,0.006384065694866825,0.0
2024-09-24 04:39:00+00:00,63054.99,63055.0,63054.99,63055.0,151339,99,1,63054.9905,1,10064.30191298703,0.006430191298702592,0.0
2024-09-24 04:40:00+00:00,63054.99,63057.89,63052.5,63057.89,532076,472,0,63052.5005,1,10064.30191298703,0.006430191298702592,0.0
2024-09-24 04:41:00+00:00,63057.89,63057.89,63053.25,63053.26,50332,276,0,63053.2505,1,10064.30191298703,0.006430191298702592,0.0
2024-09-24 04:42:00+00:00,63053.26,63053.26,63040.63,63040.63,213159,701,1,63040.6305,1,10064.870259382209,0.006487025938220592,0.0
2024-09-24 04:43:00+00:00,63040.64,63061.99,63040.64,63044.19,794150,1209,0,63040.6405,1,10064.870259382209,0.006487025938220592,0.0
2024-09-24 04:44:00+00:00,63044.18,63044.19,63020.0,63023.31,220691,1332,3,63020.0005,1,10069.76987857958,0.0069769878579577504,0.0
2024-09-24 04:45:00+00:00,63023.31,63023.32,63020.01,63023.31,48450,382,2,63020.0105,1,10074.671882931221,0.0074671882931216516,0.0
2024-09-24 04:46:00+00:00,63023.3,63032.24,63023.3,63032.23,74847,705,1,63023.300500000005,1,10078.149863325894,0.007814986332588925,0.0
2024-09-24 04:47:00+00:00,63032.23,63053.99,63032.23,63053.99,92416,896,0,63032.230500000005,1,10078.149863325894,0.007814986332588925,0.0
2024-09-24 04:48:00+00:00,63053.98,63053.99,62993.19,62993.19,1197102,2323,0,62993.1905,1,10078.149863325894,0.007814986332588925,0.0
2024-09-24 04:49:00+00:00,62993.19,62993.2,62900.0,62935.83,5543155,3038,3,62900.0005,1,10086.183773081959,0.008618377308195369,0.0
2024-09-24 04:50:00+00:00,62935.85,62970.0,62935.85,62969.99,585341,1614,2,62935.8505,1,10088.748166092138,0.00887481660921341,0.0
2024-09-24 04:51:00+00:00,62969.99,62970.0,62969.99,62969.99,97996,183,1,62969.9905,1,10091.313211094355,0.009131321109435042,0.0
2024-09-24 04:52:00+00:00,62970.0,62986.0,62969.99,62986.0,224206,614,0,62969.9905,1,10091.313211094355,0.009131321109435042,0.0
2024-09-24 04:53:00+00:00,62985.99,62986.0,62978.05,62978.06,501004,298,3,62978.050500000005,1,10106.04525169116,0.010604525169115586,0.0
2024-09-24 04:54:00+00:00,62978.05,62995.82,62976.55,62995.82,323530,744,2,62976.550500000005,1,10117.945508514078,0.01179455085140746,0.0
2024-09-24 04:55:00+00:00,62995.82,63059.95,62995.82,63058.88,2295870,1259,1,62995.8205,1,10119.729738650338,0.011972973865033376,0.0
2024-09-24 04:56:00+00:00,63058.88,63070.33,63058.88,63070.0,1493398,681,0,63058.8805,1,10119.729738650338,0.011972973865033376,0.0
2024-09-24 04:57:00+00:00,63070.0,63084.83,63066.01,63066.01,2453953,1543,5,63066.0105,1,10128.064160990129,0.012806416099012452,0.0
2024-09-24 04:58:00+00:00,63066.01,63070.44,63066.01,63066.01,227424,325,4,63066.0105,1,10136.405447406089,0.013640544740608496,0.0
2024-09-24 04:59:00+00:00,63066.02,63090.5,63066.01,63088.0,2315850,1204,3,63066.0105,1,10141.217540722564,0.01412175407225602,0.0
2024-09-24 05:00:00+00:00,63088.0,63099.99,63045.94,63099.98,3157139,2676,2,63045.9405,1,10144.105618962949,0.014410561896294638,0.0
2024-09-24 05:01:00+00:00,63099.99,63117.96,63094.51,63117.95,411289,1405,1,63094.5105,1,10144.105618962949,0.014410561896294638,0.0
2024-09-24 05:02:00+00:00,63117.96,63127.55,63117.95,63117.95,394094,1480,0,63117.9505,1,10144.105618962949,0.014410561896294638,0.0
2024-09-24 05:03:00+00:00,63117.95,63117.96,63102.0,63111.14,266760,880,1,63102.0005,1,10144.105618962949,0.014410561896294638,0.0
2024-09-24 05:04:00+00:00,63111.14,63111.15,63111.14,63111.14,37925,162,0,63111.1405,1,10144.105618962949,0.014410561896294638,0.0
2024-09-24 05:05:00+00:00,63111.14,63111.15,63101.5,63107.42,277026,731,1,63101.5005,1,10151.273170251681,0.015127317025167786,0.0
2024-09-24 05:06:00+00:00,63107.43,63165.01,63107.42,63152.01,8361402,2226,0,63107.4205,1,10151.273170251681,0.015127317025167786,0.0
2024-09-24 05:07:00+00:00,63152.0,63152.0,63130.0,63130.0,227766,1188,0,63130.0005,1,10151.273170251681,0.015127317025167786,0.0
2024-09-24 05:08:00+00:00,63130.0,63131.83,63121.21,63121.22,510380,739,3,63121.2105,1,10158.929899884532,0.015892989988452788,0.0
2024-09-24 05:09:00+00:00,63121.22,63138.0,63121.21,63138.0,89119,365,2,63121.2105,1,10163.89045943367,0.01638904594336643,0.0
2024-09-24 05:10:00+00:00,63138.0,63171.65,63137.99,63168.83,335898,1133,1,63137.9905,1,10163.89045943367,0.01638904594336643,0.0
2024-09-24 05:11:00+00:00,63168.83,63168.83,63168.82,63168.83,91160,191,0,63168.8205,1,10163.89045943367,0.01638904594336643,0.0
2024-09-24 05:12:00+00:00,63168.83,63168.83,63143.0,63145.51,689378,618,3,63143.0005,1,10164.922211934281,0.016492221193427747,0.0
2024-09-24 05:13:00+00:00,63145.5,63148.0,63140.06,63148.0,312457,477,2,63140.0605,1,10165.553213629833,0.01655532136298299,0.0
2024-09-24 05:14:00+00:00,63147.99,63151.93,63147.99,63151.92,48049,167,1,63147.9905,1,10165.553213629833,0.01655532136298299,0.0
2024-09-24 05:15:00+00:00,63151.93,63151.93,63151.92,63151.92,212902,128,0,63151.9205,1,10165.553213629833,0.01655532136298299,0.0
2024-09-24 05:16:00+00:00,63151.92,63160.0,63150.0,63150.01,290232,568,1,63150.0005,1,10166.195502638535,0.01661955026385309,0.0
2024-09-24 05:17:00+00:00,63150.0,63163.47,63150.0,63154.0,210689,817,0,63150.0005,1,10166.195502638535,0.01661955026385309,0.0
2024-09-24 05:18:00+00:00,63154.0,63154.0,63132.76,63146.48,417610,1379,1,63132.7605,1,10166.905485557085,0.016690548555708062,0.0
2024-09-24 05:19:00+00:00,63146.48,63150.9,63146.48,63150.89,83488,216,0,63146.480500000005,1,10166.905485557085,0.016690548555708062,0.0
2024-09-24 05:20:00+00:00,63150.89,63151.5,63119.9,63119.91,454350,1698,0,63119.9005,1,10166.905485557085,0.016690548555708062,0.0
2024-09-24 05:21:00+00:00,63119.91,63119.91,63104.0,63108.25,228752,1618,2,63104.0005,1,10169.763446335806,0.01697634463358022,0.0
2024-09-24 05:22:00+00:00,63108.24,63112.92,63107.1,63112.92,124206,561,1,63107.1005,1,10171.86949384943,0.017186949384942585,0.0
2024-09-24 05:23:00+00:00,63112.91,63126.0,63112.91,63125.99,175826,552,0,63112.910500000005,1,10171.86949384943,0.017186949384942585,0.0
2024-09-24 05:24:00+00:00,63125.99,63126.0,63109.44,63110.78,496139,673,4,63109.4405,1,10181.17250527133,0.018117250527132533,0.0
2024-09-24 05:25:00+00:00,63110.79,63123.84,63110.79,63123.49,108941,231,3,63110.7905,1,10188.43215733528,0.018843215733527652,0.0
2024-09-24 05:26:00+00:00,63123.5,63135.99,63123.49,63135.25,263717,302,2,63123.4905,1,10193.797866178304,0.019379786617829797,0.0
2024-09-24 05:27:00+00:00,63135.26,63161.61,63135.25,63161.0,322498,391,0,63135.2505,1,10193.797866178304,0.019379786617829797,0.0
2024-09-24 05:28:00+00:00,63160.99,63168.5,63156.03,63168.5,403070,505,0,63156.0305,1,10193.797866178304,0.019379786617829797,0.0
2024-09-24 05:29:00+00:00,63168.5,63168.5,63168.49,63168.49,96815,136,1,63168.4905,1,10195.647220556513,0.01956472205565074,0.0
2024-09-24 05:30:00+00:00,63168.5,63200.0,63168.5,63179.95,2262392,2528,0,63168.5005,1,10195.647220556513,0.01956472205565074,0.0
2024-09-24 05:31:00+00:00,63179.94,63179.94,63168.49,63168.49,209391,739,0,63168.4905,1,10195.647220556513,0.01956472205565074,0.0
2024-09-24 05:32:00+00:00,63168.5,63168.5,63137.5,63137.51,824162,1774,2,63137.5005,1,10198.242255597243,0.01982422555972385,0.0
2024-09-24 05:33:00+00:00,63137.5,63142.0,63137.5,63139.96,349485,816,1,63137.5005,1,10200.442131231013,0.020044213123100896,0.0
2024-09-24 05:34:00+00:00,63139.96,63155.78,63139.96,63153.58,815254,1203,0,63139.9605,1,10200.442131231013,0.020044213123100896,0.0
2024-09-24 05:35:00+00:00,63153.57,63153.57,63133.01,63133.02,774543,1419,0,63133.0105,1,10200.442131231013,0.020044213123100896,0.0
2024-09-24 05:36:00+00:00,63133.01,63133.02,63132.5,63132.51,318276,374,0,63132.5005,1,10200.442131231013,0.020044213123100896,0.0
2024-09-24 05:37:00+00:00,63132.51,63132.51,63132.5,63132.5,132966,353,1,63132.5005,1,10200.68610489938,0.020068610489937466,0.0
2024-09-24 05:38:00+00:00,63132.51,63148.0,63132.5,63134.01,194809,1671,0,63132.5005,1,10200.68610489938,0.020068610489937466,0.0
2024-09-24 05:39:00+00:00,63134.0,63134.0,63132.64,63132.65,51896,197,0,63132.6405,1,10200.68610489938,0.020068610489937466,0.0
2024-09-24 05:40:00+00:00,63132.65,63132.65,63112.92,63112.92,169686,1324,3,63112.9205,1,10205.061319560016,0.02050613195600115,0.0
2024-09-24 05:41:00+00:00,63112.92,63120.0,63112.92,63119.99,172150,586,2,63112.9205,1,10208.294862949222,0.02082948629492165,0.0
2024-09-24 05:42:00+00:00,63120.0,63141.98,63119.99,63138.0,158050,1619,1,63119.9905,1,10208.616610657058,0.020861661065705084,0.0
2024-09-24 05:43:00+00:00,63137.99,63140.0,63137.69,63139.99,46441,250,0,63137.6905,1,10208.616610657058,0.020861661065705084,0.0
2024-09-24 05:44:00+00:00,63139.99,63140.0,63132.93,63132.93,222005,1007,3,63132.9305,1,10212.993839017132,0.0212993839017126,0.0
2024-09-24 05:45:00+00:00,63132.93,63138.0,63131.65,63137.1,99084,730,2,63131.6505,1,10216.698120001109,0.0216698120001102,0.0
2024-09-24 05:46:00+00:00,63137.1,63146.0,63136.0,63141.99,97207,1079,1,63136.0005,1,10219.612230455044,0.02196122304550374,0.0
2024-09-24 05:47:00+00:00,63141.99,63160.0,63141.99,63160.0,146247,833,0,63141.9905,1,10219.612230455044,0.02196122304550374,0.0
2024-09-24 05:48:00+00:00,63159.99,63160.0,63159.99,63159.99,166978,175,5,63159.9905,1,10227.445218206885,0.02274452182068787,0.0
2024-09-24 05:49:00+00:00,63160.0,63180.17,63159.99,63180.17,994326,605,1,63159.9905,1,10227.752785374156,0.0227752785374149,0.0
2024-09-24 05:50:00+00:00,63180.17,63182.08,63180.16,63182.07,213598,219,3,63180.160500000005,1,10232.015018802706,0.023201501880269815,0.0
2024-09-24 05:51:00+00:00,63182.07,63200.0,63182.07,63182.99,400707,1385,2,63182.0705,1,10236.129979199923,0.023612997919991496,0.0
2024-09-24 05:52:00+00:00,63183.0,63196.0,63183.0,63196.0,193216,515,1,63183.0005,1,10238.138460935192,0.02381384609351822,0.0
2024-09-24 05:53:00+00:00,63195.99,63209.99,63195.99,63208.4,608560,993,2,63195.9905,1,10240.817516411109,0.024081751641109816,0.0
2024-09-24 05:54:00+00:00,63208.4,63224.0,63208.4,63223.99,564046,975,1,63208.4005,1,10240.971394340051,0.024097139434004156,0.0
2024-09-24 05:55:00+00:00,63223.99,63224.95,63220.84,63224.94,528773,299,0,63220.8405,1,10240.971394340051,0.024097139434004156,0.0
2024-09-24 05:56:00+00:00,63224.95,63224.95,63221.34,63221.34,97243,275,0,63221.3405,1,10240.971394340051,0.024097139434004156,0.0
2024-09-24 05:57:00+00:00,63221.35,63226.33,63202.0,63202.0,819156,1186,5,63202.0005,1,10248.028042930659,0.024802804293064806,0.0
2024-09-24 05:58:00+00:00,63202.0,63214.0,63202.0,63213.99,79345,541,4,63202.0005,1,10253.144438289264,0.025314443828925226,0.0
2024-09-24 05:59:00+00:00,63214.0,63216.0,63213.99,63215.99,117819,249,3,63213.9905,1,10257.938841565965,0.025793884156595226,0.0
2024-09-24 06:00:00+00:00,63216.0,63225.78,63215.99,63221.99,137999,881,2,63215.9905,1,10261.761515276605,0.026176151527659286,0.0
2024-09-24 06:01:00+00:00,63222.0,63241.65,63222.0,63241.65,182388,1557,1,63222.0005,1,10262.394339845692,0.02623943398456796,0.0
2024-09-24 06:02:00+00:00,63241.64,63245.55,63241.64,63245.55,214147,552,0,63241.6405,1,10262.394339845692,0.02623943398456796,0.0
2024-09-24 06:03:00+00:00,63245.55,63245.55,63232.88,63232.88,282298,827,5,63232.8805,1,10269.066296449773,0.026906629644976032,0.0
2024-09-24 06:04:00+00:00,63232.88,63239.75,63230.31,63239.75,236921,1088,4,63230.3105,1,10274.62629360331,0.02746262936032995,0.0
2024-09-24 06:05:00+00:00,63239.75,63246.0,63239.75,63246.0,140655,332,3,63239.7505,1,10279.173407886552,0.027917340788653933,0.0
2024-09-24 06:06:00+00:00,63245.99,63255.44,63245.99,63255.43,116184,694,2,63245.9905,1,10282.18945660285,0.028218945660283712,0.0
2024-09-24 06:07:00+00:00,63255.44,63255.44,63255.43,63255.44,51993,190,1,63255.4305,1,10285.204764288956,0.028520476428894215,0.0
2024-09-24 06:08:00+00:00,63255.44,63274.0,63255.43,63273.99,301945,1556,0,63255.4305,1,10285.204764288956,0.028520476428894215,0.0
2024-09-24 06:09:00+00:00,63273.99,63274.0,63253.0,63253.01,445916,962,0,63253.0005,1,10285.204764288956,0.028520476428894215,0.0
2024-09-24 06:10:00+00:00,63253.01,63253.01,63234.11,63234.12,276469,1181,2,63234.1105,1,10290.06482905078,0.02900648290507668,0.0
2024-09-24 06:11:00+00:00,63234.11,63245.99,63234.11,63245.98,194500,907,1,63234.1105,1,10292.996667061978,0.02929966670619666,0.0
2024-09-24 06:12:00+00:00,63245.98,63264.0,63245.98,63264.0,202802,1244,0,63245.980500000005,1,10292.996667061978,0.02929966670619666,0.0
2024-09-24 06:13:00+00:00,63263.99,63265.54,63260.0,63260.01,160537,487,1,63260.0005,1,10299.077116392416,0.029907711639240553,0.0
2024-09-24 06:14:00+00:00,63260.01,63300.0,63260.0,63297.38,739398,2759,0,63260.0005,1,10299.077116392416,0.029907711639240553,0.0
2024-09-24 06:15:00+00:00,63297.39,63297.39,63289.5,63295.84,320590,958,4,63289.5005,1,10307.316919595505,0.0307316919595495,0.0
2024-09-24 06:16:00+00:00,63295.84,63300.0,63289.5,63299.99,499484,1135,3,63289.5005,1,10314.887018162535,0.03148870181625263,0.0
2024-09-24 06:17:00+00:00,63299.99,63312.0,63299.99,63312.0,149555,1054,0,63299.9905,1,10314.887018162535,0.03148870181625263,0.0
2024-09-24 06:18:00+00:00,63311.99,63326.0,63311.99,63326.0,230735,1268,0,63311.9905,1,10314.887018162535,0.03148870181625263,0.0
2024-09-24 06:19:00+00:00,63325.99,63349.69,63325.99,63346.48,581826,2132,0,63325.9905,1,10314.887018162535,0.03148870181625263,0.0
2024-09-24 06:20:00+00:00,63346.48,63349.68,63336.22,63337.99,488911,1609,0,63336.2205,1,10314.887018162535,0.03148870181625263,0.0
2024-09-24 06:21:00+00:00,63338.0,63394.0,63324.01,63393.99,4557574,3346,0,63324.0105,1,10314.887018162535,0.03148870181625263,0.0
2024-09-24 06:22:00+00:00,63393.99,63393.99,63367.32,63372.49,681815,1857,0,63367.3205,1,10314.887018162535,0.03148870181625263,0.0
2024-09-24 06:23:00+00:00,63372.5,63372.5,63316.01,63320.0,630225,1579,0,63316.0105,1,10314.887018162535,0.03148870181625263,0.0
2024-09-24 06:24:00+00:00,63320.0,63329.91,63314.0,63314.01,371125,913,0,63314.0005,1,10314.887018162535,0.03148870181625263,0.0
2024-09-24 06:25:00+00:00,63314.0,63314.03,63300.0,63300.01,419773,941,1,63300.0005,1,10316.091236219756,0.03160912362197488,0.0
2024-09-24 06:26:00+00:00,63300.0,63322.0,63300.0,63307.4,583081,1684,0,63300.0005,1,10316.091236219756,0.03160912362197488,0.0
2024-09-24 06:27:00+00:00,63307.4,63307.4,63294.34,63294.35,382039,993,0,63294.3405,1,10316.091236219756,0.03160912362197488,0.0
2024-09-24 06:28:00+00:00,63294.34,63294.35,63268.35,63276.84,287616,1149,0,63268.3505,1,10316.091236219756,0.03160912362197488,0.0
2024-09-24 06:29:00+00:00,63276.84,63276.85,63274.6,63274.61,69993,462,0,63274.6005,1,10316.091236219756,0.03160912362197488,0.0
2024-09-24 06:30:00+00:00,63274.6,63284.0,63268.38,63268.38,398956,1178,3,63268.3805,1,10324.093871309728,0.03240938713097208,0.0
2024-09-24 06:31:00+00:00,63268.39,63289.38,63268.38,63284.64,233473,835,2,63268.3805,1,10329.448041940333,0.032944804194032784,0.0
2024-09-24 06:32:00+00:00,63284.65,63297.98,63284.64,63297.98,143626,527,1,63284.6405,1,10332.62693718876,0.03326269371887536,0.0
2024-09-24 06:33:00+00:00,63297.97,63326.0,63297.97,63317.46,1176806,1296,0,63297.9705,1,10332.62693718876,0.03326269371887536,0.0
2024-09-24 06:34:00+00:00,63317.25,63317.25,63283.99,63284.14,995939,1311,0,63283.9905,1,10332.62693718876,0.03326269371887536,0.0
2024-09-24 06:35:00+00:00,63284.14,63284.14,63276.0,63276.0,95838,625,2,63276.0005,1,10333.784695659342,0.0333784695659336,0.0
2024-09-24 06:36:00+00:00,63276.0,63286.0,63276.0,63280.72,183823,963,1,63276.0005,1,10334.171718274267,0.033417171827426095,0.0
2024-09-24 06:37:00+00:00,63280.72,63283.09,63280.72,63283.09,95812,288,0,63280.7205,1,10334.171718274267,0.033417171827426095,0.0
2024-09-24 06:38:00+00:00,63283.08,63283.09,63274.93,63277.99,180896,929,4,63274.9305,1,10346.911831159372,0.03469118311593644,0.0
2024-09-24 06:39:00+00:00,63278.0,63280.74,63278.0,63280.73,84359,412,1,63278.0005,1,10351.367426842278,0.03513674268422706,0.0
2024-09-24 06:40:00+00:00,63280.74,63307.99,63280.73,63307.98,174854,1069,2,63280.730500000005,1,10359.219085730098,0.03592190857300892,0.0
2024-09-24 06:41:00+00:00,63307.99,63371.7,63307.98,63335.02,2934630,3555,1,63307.980500000005,1,10362.650621970532,0.03626506219705239,0.0
2024-09-24 06:42:00+00:00,63335.03,63359.0,63320.01,63356.0,1232807,3258,2,63320.0105,1,10358.72676332382,0.03587267633238134,-0.00037865395542638873
2024-09-24 06:43:00+00:00,63356.01,63356.01,63326.0,63331.13,464568,1362,1,63326.0005,1,10358.8707001137,0.03588707001136937,-0.00036476399665705587
2024-09-24 06:44:00+00:00,63331.13,63336.0,63331.12,63332.01,75934,776,0,63331.120500000005,1,10358.8707001137,0.03588707001136937,-0.00036476399665705587
2024-09-24 06:45:00+00:00,63332.01,63332.01,63293.7,63301.99,1325219,1818,2,63293.7005,1,10367.383362256232,0.036738336225622614,0.0
2024-09-24 06:46:00+00:00,63302.0,63340.0,63302.0,63338.0,280591,2036,2,63302.0005,1,10369.349200681518,0.03693492006815102,0.0
2024-09-24 06:47:00+00:00,63338.0,63355.78,63337.99,63354.01,628051,547,0,63337.9905,1,10369.349200681518,0.03693492006815102,0.0
2024-09-24 06:48:00+00:00,63354.0,63354.01,63350.0,63350.01,142040,576,0,63350.0005,1,10369.349200681518,0.03693492006815102,0.0
2024-09-24 06:49:00+00:00,63350.01,63350.01,63340.96,63340.97,239902,545,0,63340.9605,1,10369.349200681518,0.03693492006815102,0.0
2024-09-24 06:50:00+00:00,63340.96,63340.97,63336.49,63336.5,102132,470,0,63336.4905,1,10369.349200681518,0.03693492006815102,0.0
2024-09-24 06:51:00+00:00,63336.49,63336.5,63302.04,63303.48,218343,1626,0,63302.0405,1,10369.349200681518,0.03693492006815102,0.0
2024-09-24 06:52:00+00:00,63303.47,63303.48,63294.0,63294.0,117723,461,1,63294.0005,1,10369.634261944973,0.03696342619449666,0.0
2024-09-24 06:53:00+00:00,63294.0,63295.74,63294.0,63295.74,162332,219,0,63294.0005,1,10369.634261944973,0.03696342619449666,0.0
2024-09-24 06:54:00+00:00,63295.74,63295.75,63294.8,63294.8,415746,360,2,63294.800500000005,1,10372.063871898787,0.03720638718987801,0.0
2024-09-24 06:55:00+00:00,63294.8,63309.64,63294.8,63309.63,258705,756,1,63294.800500000005,1,10372.063871898787,0.03720638718987801,0.0
2024-09-24 06:56:00+00:00,63309.64,63309.64,63309.63,63309.63,54048,285,0,63309.6305,1,10372.063871898787,0.03720638718987801,0.0
2024-09-24 06:57:00+00:00,63309.64,63309.64,63305.47,63305.47,229167,468,0,63305.4705,1,10372.063871898787,0.03720638718987801,0.0
2024-09-24 06:58:00+00:00,63305.48,63305.48,63287.87,63302.0,326036,1593,2,63287.870500000005,1,10377.862540825936,0.03778625408259284,0.0
2024-09-24 06:59:00+00:00,63302.0,63305.43,63296.9,63305.43,113482,814,1,63296.9005,1,10383.101846313708,0.03831018463137004,0.0
2024-09-24 07:00:00+00:00,63305.43,63340.0,63305.43,63337.39,1379192,1673,0,63305.4305,1,10383.101846313708,0.03831018463137004,0.0
2024-09-24 07:01:00+00:00,63337.39,63337.39,63300.0,63325.39,549345,3454,4,63300.0005,1,10394.351435422841,0.03943514354228328,0.0
2024-09-24 07:02:00+00:00,63325.39,63336.91,63322.5,63336.91,229241,1031,3,63322.5005,1,10403.720593524306,0.040372059352429934,0.0
2024-09-24 07:03:00+00:00,63336.9,63353.91,63336.9,63353.91,276667,1247,0,63336.9005,1,10403.720593524306,0.040372059352429934,0.0
2024-09-24 07:04:00+00:00,63353.9,63374.89,63350.74,63366.33,1265578,1543,3,63350.7405,1,10408.138777774075,0.04081387777740697,0.0
2024-09-24 07:05:00+00:00,63366.34,63394.0,63366.33,63394.0,381573,1013,0,63366.3305,1,10408.138777774075,0.04081387777740697,0.0
2024-09-24 07:06:00+00:00,63393.99,63438.22,63386.0,63386.0,2733432,4180,3,63386.0005,1,10411.95976962336,0.041195976962335346,0.0
2024-09-24 07:07:00+00:00,63386.0,63393.25,63386.0,63393.24,177586,443,2,63386.0005,1,10414.592601059441,0.04145926010594336,0.0
2024-09-24 07:08:00+00:00,63393.25,63409.99,63393.24,63408.0,496299,942,1,63393.2405,1,10414.801195126487,0.04148011951264796,0.0
2024-09-24 07:09:00+00:00,63407.99,63417.94,63407.99,63409.27,432426,445,1,63407.9905,1,10413.58083771061,0.04135808377106032,-0.00011717529629356447
2024-09-24 07:10:00+00:00,63409.28,63409.28,63400.0,63401.84,208196,1409,4,63400.0005,1,10419.846872086879,0.04198468720868709,0.0
2024-09-24 07:11:00+00:00,63401.83,63410.15,63401.83,63410.14,143506,441,3,63401.8305,1,10424.75196185851,0.04247519618585005,0.0
2024-09-24 07:12:00+00:00,63410.14,63412.0,63400.0,63412.0,198148,955,2,63400.0005,1,10429.353438036716,0.04293534380367059,0.0
2024-09-24 07:13:00+00:00,63412.0,63440.0,63411.99,63427.22,432703,1119,1,63411.9905,1,10431.453212288272,0.043145321228826194,0.0
2024-09-24 07:14:00+00:00,63427.22,63440.0,63427.21,63439.99,201360,236,0,63427.2105,1,10431.453212288272,0.043145321228826194,0.0
2024-09-24 07:15:00+00:00,63440.0,63450.0,63412.81,63415.96,726788,2543,2,63412.8105,1,10443.008814192954,0.044300881419294225,0.0
2024-09-24 07:16:00+00:00,63415.96,63485.31,63412.0,63485.31,1548820,3373,1,63412.0005,1,10443.156859590114,0.044315685959010365,0.0
2024-09-24 07:17:00+00:00,63485.31,63516.84,63485.3,63486.21,4280278,3960,0,63485.300500000005,1,10443.156859590114,0.044315685959010365,0.0
2024-09-24 07:18:00+00:00,63486.0,63486.63,63470.29,63478.0,788807,2681,2,63470.2905,1,10447.996925042855,0.044799692504284394,0.0
2024-09-24 07:19:00+00:00,63478.01,63492.0,63470.28,63491.99,1460050,1615,1,63470.2805,1,10450.536026314581,0.04505360263145697,0.0
2024-09-24 07:20:00+00:00,63492.0,63507.8,63478.39,63507.42,1106076,1994,0,63478.3905,1,10450.536026314581,0.04505360263145697,0.0
2024-09-24 07:21:00+00:00,63507.42,63507.43,63500.5,63500.5,305908,449,1,63500.5005,1,10453.146171138282,0.045314617113827005,0.0
2024-09-24 07:22:00+00:00,63500.09,63518.02,63500.09,63516.36,994787,1227,0,63500.0905,1,10453.146171138282,0.045314617113827005,0.0
2024-09-24 07:23:00+00:00,63516.36,63516.37,63446.79,63467.0,1184794,3353,0,63446.7905,1,10453.146171138282,0.045314617113827005,0.0
2024-09-24 07:24:00+00:00,63467.0,63467.0,63444.29,63444.29,442113,1210,5,63444.2905,1,10450.564365896205,0.04505643658961933,-0.0002469883420557993
2024-09-24 07:25:00+00:00,63444.29,63450.0,63441.9,63450.0,421511,564,2,63441.9005,1,10450.564365896205,0.04505643658961933,-0.0002469883420557993
2024-09-24 07:26:00+00:00,63449.99,63453.72,63440.0,63450.0,165964,848,1,63440.0005,1,10450.564365896205,0.04505643658961933,-0.0002469883420557993
2024-09-24 07:27:00+00:00,63449.99,63450.0,63449.99,63450.0,522162,263,0,63449.9905,1,10450.564365896205,0.04505643658961933,-0.0002469883420557993
2024-09-24 07:28:00+00:00,63450.0,63450.0,63416.0,63425.62,923930,2127,1,63416.0005,1,10451.058672346779,0.04510586723467669,-0.00019970052626517312
2024-09-24 07:29:00+00:00,63425.62,63429.0,63420.0,63428.62,290112,1646,0,63420.0005,1,10451.058672346779,0.04510586723467669,-0.00019970052626517312
2024-09-24 07:30:00+00:00,63428.63,63440.0,63427.08,63427.08,492664,1018,0,63427.0805,1,10451.058672346779,0.04510586723467669,-0.00019970052626517312
2024-09-24 07:31:00+00:00,63427.08,63428.63,63393.24,63393.24,361594,2026,5,63393.2405,1,10466.896846995249,0.046689684699523726,0.0
2024-09-24 07:32:00+00:00,63393.24,63399.99,63387.09,63399.99,593994,1576,4,63387.0905,1,10481.642956992642,0.04816429569926295,0.0
2024-09-24 07:33:00+00:00,63399.99,63400.0,63397.19,63399.99,175601,400,3,63397.1905,1,10496.40984179686,0.049640984179684766,0.0
2024-09-24 07:34:00+00:00,63399.99,63456.0,63399.99,63448.3,775891,2318,2,63399.9905,1,10503.19422794451,0.0503194227944499,0.0
2024-09-24 07:35:00+00:00,63448.31,63462.73,63446.96,63462.73,449844,1077,1,63446.9605,1,10507.593265026253,0.05075932650262405,0.0
2024-09-24 07:36:00+00:00,63462.73,63495.01,63462.72,63489.31,599549,2732,0,63462.7205,1,10507.593265026253,0.05075932650262405,0.0
2024-09-24 07:37:00+00:00,63489.3,63495.35,63444.69,63449.99,1622824,2339,0,63444.6905,1,10507.593265026253,0.05075932650262405,0.0
2024-09-24 07:38:00+00:00,63450.0,63452.0,63442.46,63442.46,201728,1216,0,63442.4605,1,10507.593265026253,0.05075932650262405,0.0
2024-09-24 07:39:00+00:00,63442.46,63444.38,63440.0,63440.01,247494,764,0,63440.0005,1,10507.593265026253,0.05075932650262405,0.0
2024-09-24 07:40:00+00:00,63440.0,63440.01,63406.65,63418.0,365878,2054,0,63406.6505,1,10507.593265026253,0.05075932650262405,0.0
2024-09-24 07:41:00+00:00,63417.99,63419.5,63409.51,63412.89,328564,647,1,63409.5105,1,10509.762294001895,0.05097622940018831,0.0
2024-09-24 07:42:00+00:00,63412.89,63425.99,63412.89,63425.98,140151,547,0,63412.8905,1,10509.762294001895,0.05097622940018831,0.0
2024-09-24 07:43:00+00:00,63425.98,63425.99,63425.67,63425.67,115915,330,0,63425.6705,1,10509.762294001895,0.05097622940018831,0.0
2024-09-24 07:44:00+00:00,63425.67,63428.8,63420.63,63420.64,487123,717,2,63420.6305,1,10526.663584439286,0.05266635844392731,0.0
2024-09-24 07:45:00+00:00,63420.64,63508.0,63420.63,63507.99,869182,4000,1,63420.6305,1,10529.090213826803,0.052909021382679056,0.0
2024-09-24 07:46:00+00:00,63507.99,63549.2,63503.81,63522.63,1749491,5938,0,63503.8105,1,10529.090213826803,0.052909021382679056,0.0
2024-09-24 07:47:00+00:00,63522.63,63532.0,63502.84,63503.17,773738,3454,3,63502.8405,1,10532.784330671113,0.05327843306711011,0.0
2024-09-24 07:48:00+00:00,63503.16,63513.13,63500.0,63505.5,1223518,1392,2,63500.0005,1,10536.093162935986,0.05360931629359733,0.0
2024-09-24 07:49:00+00:00,63505.49,63508.0,63500.01,63508.0,198720,713,1,63500.0105,1,10538.98814979895,0.053898814979893794,0.0
2024-09-24 07:50:00+00:00,63507.99,63525.45,63499.48,63525.45,494327,1862,0,63499.480500000005,1,10538.98814979895,0.053898814979893794,0.0
2024-09-24 07:51:00+00:00,63525.44,63525.45,63486.0,63499.97,843795,1868,3,63486.0005,1,10550.607597184002,0.055060759718398966,0.0
2024-09-24 07:52:00+00:00,63499.97,63522.0,63492.0,63512.24,1399475,2545,2,63492.0005,1,10560.199324426836,0.05601993244268244,0.0
2024-09-24 07:53:00+00:00,63512.24,63530.0,63512.24,63526.26,386702,952,1,63512.2405,1,10567.467057714834,0.05674670577148233,0.0
2024-09-24 07:54:00+00:00,63526.25,63569.99,63526.25,63569.98,825715,2103,0,63526.2505,1,10567.467057714834,0.05674670577148233,0.0
2024-09-24 07:55:00+00:00,63569.98,63569.99,63551.83,63558.0,1898566,1766,0,63551.8305,1,10567.467057714834,0.05674670577148233,0.0
2024-09-24 07:56:00+00:00,63558.0,63558.01,63545.27,63545.28,736922,1096,0,63545.2705,1,10567.467057714834,0.05674670577148233,0.0
2024-09-24 07:57:00+00:00,63545.28,63556.0,63530.68,63535.97,1884863,1631,2,63530.6805,1,10571.450483733704,0.05714504837336931,0.0
2024-09-24 07:58:00+00:00,63535.97,63560.0,63535.97,63552.0,678169,1381,1,63535.9705,1,10572.767922804562,0.057276792280455124,0.0
2024-09-24 07:59:00+00:00,63552.0,63559.93,63552.0,63559.92,360964,418,0,63552.0005,1,10572.767922804562,0.057276792280455124,0.0
2024-09-24 08:00:00+00:00,63559.93,63562.0,63550.0,63550.01,773169,1413,4,63550.0005,1,10590.401400315235,0.05904014003152258,0.0
2024-09-24 08:01:00+00:00,63550.01,63560.0,63540.0,63559.15,655107,1591,3,63540.0005,1,10606.538815236934,0.060653881523692554,0.0
2024-09-24 08:02:00+00:00,63559.15,63587.73,63559.15,63587.72,516902,1870,2,63559.1505,1,10617.92803426074,0.061792803426073295,0.0
2024-09-24 08:03:00+00:00,63587.73,63666.0,63587.72,63621.99,4050361,6425,1,63587.7205,1,10623.603992093012,0.06236039920930048,0.0
2024-09-24 08:04:00+00:00,63622.0,63690.34,63621.99,63656.0,3076783,3970,0,63621.9905,1,10623.603992093012,0.06236039920930048,0.0
2024-09-24 08:05:00+00:00,63656.0,63659.59,63601.07,63627.31,2617962,2650,0,63601.0705,1,10623.603992093012,0.06236039920930048,0.0
2024-09-24 08:06:00+00:00,63627.31,63630.7,63594.38,63620.0,759429,2348,0,63594.3805,1,10623.603992093012,0.06236039920930048,0.0
2024-09-24 08:07:00+00:00,63620.0,63620.01,63588.1,63598.91,1094975,1335,3,63588.1005,1,10635.478912713474,0.06354789127134675,0.0
2024-09-24 08:08:00+00:00,63598.9,63615.73,63597.62,63599.56,897819,1201,2,63597.620500000005,1,10647.258288775376,0.06472582887753697,0.0
2024-09-24 08:09:00+00:00,63599.56,63649.99,63599.56,63643.8,1274896,946,1,63599.5605,1,10651.641404918124,0.06516414049181174,0.0
2024-09-24 08:10:00+00:00,63643.8,63670.0,63643.8,63670.0,405684,806,0,63643.800500000005,1,10651.641404918124,0.06516414049181174,0.0
2024-09-24 08:11:00+00:00,63669.99,63679.98,63643.8,63668.88,1449883,2425,0,63643.800500000005,1,10651.641404918124,0.06516414049181174,0.0
2024-09-24 08:12:00+00:00,63668.88,63668.88,63649.53,63649.53,598270,940,0,63649.5305,1,10651.641404918124,0.06516414049181174,0.0
2024-09-24 08:13:00+00:00,63649.54,63657.99,63604.09,63613.53,1156970,2461,1,63604.0905,1,10651.830615527686,0.06518306155276798,0.0
2024-09-24 08:14:00+00:00,63613.52,63627.26,63613.52,63614.66,996629,1274,0,63613.5205,1,10651.830615527686,0.06518306155276798,0.0
2024-09-24 08:15:00+00:00,63614.67,63620.69,63573.05,63583.93,826217,2434,0,63573.050500000005,1,10651.830615527686,0.06518306155276798,0.0
2024-09-24 08:16:00+00:00,63583.92,63583.93,63570.89,63582.07,294551,904,4,63570.8905,1,10667.563249163304,0.06675632491632988,0.0
2024-09-24 08:17:00+00:00,63582.08,63608.0,63582.07,63608.0,296107,918,3,63582.0705,1,10678.964031292568,0.06789640312925616,0.0
2024-09-24 08:18:00+00:00,63607.99,63612.05,63580.0,63612.05,1035898,1599,2,63580.0005,1,10689.696371635639,0.0689696371635633,0.0
2024-09-24 08:19:00+00:00,63612.04,63657.98,63612.04,63657.98,519069,1035,1,63612.0405,1,10692.719001865022,0.06927190018650164,0.0
2024-09-24 08:20:00+00:00,63657.98,63675.99,63654.44,63675.98,505185,1355,0,63654.4405,1,10692.719001865022,0.06927190018650164,0.0
2024-09-24 08:21:00+00:00,63675.99,63675.99,63660.0,63661.9,474779,1033,4,63660.0005,1,10708.307466088727,0.07083074660887201,0.0
2024-09-24 08:22:00+00:00,63661.9,63682.2,63661.9,63682.2,623189,1339,3,63661.9005,1,10720.500188299426,0.072050018829942,0.0
2024-09-24 08:23:00+00:00,63682.19,63710.95,63682.19,63710.95,951812,1469,1,63682.1905,1,10725.33283897263,0.07253328389726232,0.0
2024-09-24 08:24:00+00:00,63710.96,63742.0,63710.96,63739.67,731648,1896,1,63710.9605,1,10727.863586400379,0.07278635864003724,0.0
2024-09-24 08:25:00+00:00,63739.67,63754.71,63736.01,63754.71,2323535,2159,0,63736.0105,1,10727.863586400379,0.07278635864003724,0.0
2024-09-24 08:26:00+00:00,63754.8,63768.0,63702.89,63716.0,1974669,4071,0,63702.8905,1,10727.863586400379,0.07278635864003724,0.0
2024-09-24 08:27:00+00:00,63716.0,63716.96,63699.34,63712.0,682444,1351,1,63699.3405,1,10729.557495046776,0.07295574950467687,0.0
2024-09-24 08:28:00+00:00,63712.0,63730.0,63711.99,63722.06,905915,1317,0,63711.9905,1,10729.557495046776,0.07295574950467687,0.0
2024-09-24 08:29:00+00:00,63722.06,63727.28,63700.4,63707.47,1285218,1963,1,63700.4005,1,10734.012181377027,0.07340121813770195,0.0
2024-09-24 08:30:00+00:00,63707.47,63733.93,63707.47,63733.92,567137,1827,0,63707.4705,1,10734.012181377027,0.07340121813770195,0.0
2024-09-24 08:31:00+00:00,63733.93,63737.81,63703.12,63721.94,692355,2182,0,63703.120500000005,1,10734.012181377027,0.07340121813770195,0.0
2024-09-24 08:32:00+00:00,63721.95,63743.5,63720.0,63720.01,2009508,2107,0,63720.0005,1,10734.012181377027,0.07340121813770195,0.0
2024-09-24 08:33:00+00:00,63720.0,63726.99,63686.66,63686.66,565910,2303,0,63686.660500000005,1,10734.012181377027,0.07340121813770195,0.0
2024-09-24 08:34:00+00:00,63686.67,63686.67,63668.0,63685.99,433897,1547,3,63668.0005,1,10753.56519065209,0.07535651906520835,0.0
2024-09-24 08:35:00+00:00,63685.99,63743.14,63685.99,63738.0,892405,2349,2,63685.9905,1,10764.362959207767,0.07643629592077583,0.0
2024-09-24 08:36:00+00:00,63738.0,63789.0,63738.0,63788.99,1457106,4266,0,63738.0005,1,10764.362959207767,0.07643629592077583,0.0
2024-09-24 08:37:00+00:00,63788.99,63806.5,63786.34,63802.0,2303673,3443,0,63786.3405,1,10764.362959207767,0.07643629592077583,0.0
2024-09-24 08:38:00+00:00,63802.0,63803.03,63744.37,63762.0,875261,3987,0,63744.370500000005,1,10764.362959207767,0.07643629592077583,0.0
2024-09-24 08:39:00+00:00,63762.0,63777.21,63740.0,63740.01,660328,2857,0,63740.0005,1,10764.362959207767,0.07643629592077583,0.0
2024-09-24 08:40:00+00:00,63740.01,63745.36,63723.41,63723.42,275021,1414,0,63723.410500000005,1,10764.362959207767,0.07643629592077583,0.0
2024-09-24 08:41:00+00:00,63723.42,63733.78,63722.33,63722.33,695489,1439,0,63722.3305,1,10764.362959207767,0.07643629592077583,0.0
2024-09-24 08:42:00+00:00,63722.33,63722.34,63711.0,63711.01,215623,543,2,63711.0005,1,10774.669280525099,0.0774669280525091,0.0
2024-09-24 08:43:00+00:00,63711.0,63758.37,63705.39,63748.01,1577816,1991,1,63705.3905,1,10778.725753232759,0.07787257532327518,0.0
2024-09-24 08:44:00+00:00,63748.01,63780.0,63748.0,63772.01,402582,1529,0,63748.0005,1,10778.725753232759,0.07787257532327518,0.0
2024-09-24 08:45:00+00:00,63772.01,63778.0,63758.01,63768.72,476085,2134,0,63758.0105,1,10778.725753232759,0.07787257532327518,0.0
2024-09-24 08:46:00+00:00,63768.71,63800.0,63757.94,63792.11,505761,3898,0,63757.9405,1,10778.725753232759,0.07787257532327518,0.0
2024-09-24 08:47:00+00:00,63792.12,63803.03,63772.87,63778.0,1294821,2035,3,63772.870500000005,1,10792.486044411977,0.07924860444119708,0.0
2024-09-24 08:48:00+00:00,63778.0,63814.7,63778.0,63801.98,1036281,3441,2,63778.0005,1,10802.202363535474,0.08022023635354691,0.0
2024-09-24 08:49:00+00:00,63801.98,63820.0,63801.98,63819.17,672669,1260,1,63801.980500000005,1,10809.015185531314,0.08090151855313077,0.0
2024-09-24 08:50:00+00:00,63819.17,63859.43,63819.17,63859.42,1124399,3469,0,63819.1705,1,10809.015185531314,0.08090151855313077,0.0
2024-09-24 08:51:00+00:00,63859.42,63863.02,63835.95,63835.95,992957,2758,0,63835.9505,1,10809.015185531314,0.08090151855313077,0.0
2024-09-24 08:52:00+00:00,63835.96,63835.96,63800.0,63809.82,1254828,2010,4,63800.0005,1,10825.644616875323,0.08256446168753162,0.0
2024-09-24 08:53:00+00:00,63809.81,63850.0,63809.81,63849.99,640458,1239,3,63809.8105,1,10835.478406791011,0.08354784067910037,0.0
2024-09-24 08:54:00+00:00,63850.0,63861.76,63849.88,63861.76,905829,1214,0,63849.8805,1,10835.478406791011,0.08354784067910037,0.0
2024-09-24 08:55:00+00:00,63861.75,63909.78,63861.75,63906.0,2402682,4885,1,63861.7505,1,10835.815818020465,0.08358158180204556,0.0
2024-09-24 08:56:00+00:00,63906.0,63938.0,63893.53,63907.99,1674198,4816,0,63893.5305,1,10835.815818020465,0.08358158180204556,0.0
2024-09-24 08:57:00+00:00,63908.0,63948.0,63902.0,63903.51,1198524,3761,0,63902.0005,1,10835.815818020465,0.08358158180204556,0.0
2024-09-24 08:58:00+00:00,63903.51,63909.99,63872.01,63872.98,792268,2507,0,63872.0105,1,10835.815818020465,0.08358158180204556,0.0
2024-09-24 08:59:00+00:00,63872.98,63874.82,63851.05,63851.05,1112361,1770,1,63851.050500000005,1,10841.259941044942,0.08412599410449317,0.0
2024-09-24 09:00:00+00:00,63851.05,63893.51,63848.01,63883.13,1531053,5817,3,63848.0105,1,10838.395327682934,0.08383953276829237,-0.0002642325133412144
2024-09-24 09:01:00+00:00,63883.14,63890.0,63859.77,63859.9,1572135,1787,0,63859.7705,1,10838.395327682934,0.08383953276829237,-0.0002642325133412144
2024-09-24 09:02:00+00:00,63859.9,63859.9,63855.94,63858.01,808458,1027,1,63855.9405,1,10839.793873887242,0.0839793873887229,-0.0001352303298392272
2024-09-24 09:03:00+00:00,63858.0,63871.5,63858.0,63866.25,291036,2002,0,63858.0005,1,10839.793873887242,0.0839793873887229,-0.0001352303298392272
2024-09-24 09:04:00+00:00,63866.25,63866.26,63808.65,63808.65,1095140,2866,0,63808.6505,1,10839.793873887242,0.0839793873887229,-0.0001352303298392272
2024-09-24 09:05:00+00:00,63808.65,63808.65,63779.79,63779.79,1477233,3491,5,63779.7905,1,10825.449540000975,0.0825449540000962,-0.001458354575939034
2024-09-24 09:06:00+00:00,63779.79,63804.0,63779.79,63803.49,474538,2129,0,63779.7905,1,10825.449540000975,0.0825449540000962,-0.001458354575939034
2024-09-24 09:07:00+00:00,63803.49,63804.14,63798.0,63798.0,908755,735,0,63798.0005,1,10825.449540000975,0.0825449540000962,-0.001458354575939034
2024-09-24 09:08:00+00:00,63798.0,63801.58,63742.0,63786.0,1646803,2783,0,63742.0005,1,10825.449540000975,0.0825449540000962,-0.001458354575939034
2024-09-24 09:09:00+00:00,63786.0,63786.0,63704.0,63721.99,3965070,4964,0,63704.0005,1,10825.449540000975,0.0825449540000962,-0.001458354575939034
2024-09-24 09:10:00+00:00,63721.98,63732.0,63692.01,63695.39,1543617,2914,1,63692.0105,1,10828.270818940691,0.08282708189406796,-0.0011981192384359356
2024-09-24 09:11:00+00:00,63695.39,63741.77,63695.38,63711.99,1514616,2799,0,63695.3805,1,10828.270818940691,0.08282708189406796,-0.0011981192384359356
2024-09-24 09:12:00+00:00,63712.0,63712.0,63694.78,63694.78,423965,1527,0,63694.7805,1,10828.270818940691,0.08282708189406796,-0.0011981192384359356
2024-09-24 09:13:00+00:00,63694.78,63694.79,63678.0,63678.0,665591,1375,0,63678.0005,1,10828.270818940691,0.08282708189406796,-0.0011981192384359356
2024-09-24 09:14:00+00:00,63678.0,63687.93,63648.5,63648.5,1070293,1682,2,63648.5005,1,10834.522952967354,0.08345229529673426,-0.0006214211368626579
2024-09-24 09:15:00+00:00,63648.5,63677.23,63623.08,63660.58,1257086,4655,1,63623.0805,1,10838.721590197014,0.08387215901970024,-0.0002341379933450268
2024-09-24 09:16:00+00:00,63660.57,63685.25,63660.57,63685.25,517014,2484,0,63660.5705,1,10838.721590197014,0.08387215901970024,-0.0002341379933450268
2024-09-24 09:17:00+00:00,63685.26,63686.0,63676.01,63681.17,409455,695,0,63676.0105,1,10838.721590197014,0.08387215901970024,-0.0002341379933450268
2024-09-24 09:18:00+00:00,63681.17,63681.29,63659.9,63678.0,585281,1834,0,63659.9005,1,10838.721590197014,0.08387215901970024,-0.0002341379933450268
2024-09-24 09:19:00+00:00,63678.01,63684.97,63641.13,63644.01,740029,2595,0,63641.1305,1,10838.721590197014,0.08387215901970024,-0.0002341379933450268
2024-09-24 09:20:00+00:00,63644.02,63647.22,63574.0,63589.99,1633529,4334,2,63574.0005,1,10844.482698034091,0.08444826980340792,0.0
2024-09-24 09:21:00+00:00,63590.0,63613.8,63589.99,63606.96,797032,2321,1,63589.9905,1,10847.352079683646,0.0847352079683632,0.0
2024-09-24 09:22:00+00:00,63606.96,63623.79,63606.05,63623.79,259536,1042,0,63606.050500000005,1,10847.352079683646,0.0847352079683632,0.0
2024-09-24 09:23:00+00:00,63623.79,63628.69,63606.05,63606.05,348011,1442,0,63606.050500000005,1,10847.352079683646,0.0847352079683632,0.0
2024-09-24 09:24:00+00:00,63606.05,63607.84,63577.04,63590.2,861154,2083,0,63577.0405,1,10847.352079683646,0.0847352079683632,0.0
2024-09-24 09:25:00+00:00,63590.19,63598.59,63580.01,63580.02,600884,1754,3,63580.0105,1,10851.175437400516,0.08511754374005043,0.0
2024-09-24 09:26:00+00:00,63580.02,63606.0,63568.0,63588.01,1255256,4166,2,63568.0005,1,10853.636183535004,0.08536361835349937,0.0
2024-09-24 09:27:00+00:00,63588.01,63602.02,63588.0,63599.49,537409,1080,1,63588.0005,1,10854.137912249804,0.08541379122497927,0.0
2024-09-24 09:28:00+00:00,63599.5,63609.99,63598.16,63602.43,105622,880,0,63598.160500000005,1,10854.137912249804,0.08541379122497927,0.0
2024-09-24 09:29:00+00:00,63602.42,63602.43,63599.49,63599.5,960138,591,2,63599.4905,1,10858.983060015567,0.08589830600155568,0.0
2024-09-24 09:30:00+00:00,63599.49,63634.0,63598.0,63619.71,673231,2596,1,63598.0005,1,10860.37927011195,0.08603792701119373,0.0
2024-09-24 09:31:00+00:00,63619.71,63627.9,63619.71,63627.89,222343,881,0,63619.7105,1,10860.37927011195,0.08603792701119373,0.0
2024-09-24 09:32:00+00:00,63627.9,63627.9,63599.9,63599.91,567551,1335,0,63599.9005,1,10860.37927011195,0.08603792701119373,0.0
2024-09-24 09:33:00+00:00,63599.9,63611.31,63599.9,63607.48,467610,1252,1,63599.9005,1,10860.62855138727,0.08606285513872591,0.0
2024-09-24 09:34:00+00:00,63607.48,63609.99,63606.81,63608.94,169487,470,0,63606.8105,1,10860.62855138727,0.08606285513872591,0.0
2024-09-24 09:35:00+00:00,63608.94,63608.94,63603.79,63603.79,397743,420,0,63603.7905,1,10860.62855138727,0.08606285513872591,0.0
2024-09-24 09:36:00+00:00,63603.8,63603.8,63484.0,63502.38,2160383,6561,2,63484.0005,1,10866.036428616359,0.0866036428616348,0.0
2024-09-24 09:37:00+00:00,63502.41,63514.38,63500.0,63511.75,1200753,2832,3,63500.0005,1,10880.452221433834,0.08804522214338228,0.0
2024-09-24 09:38:00+00:00,63511.76,63534.0,63511.76,63534.0,421146,1416,2,63511.7605,1,10891.071682545225,0.08910716825452147,0.0
2024-09-24 09:39:00+00:00,63534.0,63593.23,63534.0,63570.01,1067267,3762,1,63534.0005,1,10895.526107890546,0.08955261078905363,0.0
2024-09-24 09:40:00+00:00,63570.0,63597.53,63570.0,63596.01,280616,1886,0,63570.0005,1,10895.526107890546,0.08955261078905363,0.0
2024-09-24 09:41:00+00:00,63596.02,63596.02,63550.23,63560.0,837785,3306,0,63550.230500000005,1,10895.526107890546,0.08955261078905363,0.0
2024-09-24 09:42:00+00:00,63560.01,63564.0,63491.81,63516.03,2009859,2944,3,63491.8105,1,10900.12337411911,0.09001233741190995,0.0
2024-09-24 09:43:00+00:00,63516.29,63535.99,63510.97,63517.18,521934,2489,2,63510.9705,1,10904.52514643561,0.09045251464355997,0.0
2024-09-24 09:44:00+00:00,63517.18,63531.79,63517.17,63531.79,273613,1168,1,63517.1705,1,10906.4200396476,0.09064200396475908,0.0
2024-09-24 09:45:00+00:00,63531.78,63557.21,63531.78,63542.83,479109,2397,0,63531.7805,1,10906.4200396476,0.09064200396475908,0.0
2024-09-24 09:46:00+00:00,63542.74,63555.99,63528.83,63528.83,372734,2242,0,63528.8305,1,10906.4200396476,0.09064200396475908,0.0
2024-09-24 09:47:00+00:00,63528.83,63528.83,63520.0,63520.0,297636,1319,0,63520.0005,1,10906.4200396476,0.09064200396475908,0.0
2024-09-24 09:48:00+00:00,63520.01,63528.51,63508.25,63518.87,224005,2106,0,63508.2505,1,10906.4200396476,0.09064200396475908,0.0
2024-09-24 09:49:00+00:00,63518.86,63521.33,63510.63,63515.98,387426,1050,0,63510.6305,1,10906.4200396476,0.09064200396475908,0.0
2024-09-24 09:50:00+00:00,63515.97,63515.97,63500.0,63512.89,534436,1473,1,63500.0005,1,10909.632916890972,0.09096329168909634,0.0
2024-09-24 09:51:00+00:00,63512.89,63531.6,63512.89,63531.6,259063,870,0,63512.8905,1,10909.632916890972,0.09096329168909634,0.0
2024-09-24 09:52:00+00:00,63531.59,63531.6,63521.68,63530.49,426168,804,0,63521.6805,1,10909.632916890972,0.09096329168909634,0.0
2024-09-24 09:53:00+00:00,63530.49,63538.0,63529.1,63529.1,282088,684,0,63529.1005,1,10909.632916890972,0.09096329168909634,0.0
2024-09-24 09:54:00+00:00,63529.11,63529.11,63518.0,63528.21,208895,1260,0,63518.0005,1,10909.632916890972,0.09096329168909634,0.0
2024-09-24 09:55:00+00:00,63528.2,63528.21,63514.31,63514.31,233001,1310,0,63514.3105,1,10909.632916890972,0.09096329168909634,0.0
2024-09-24 09:56:00+00:00,63514.31,63514.31,63502.79,63513.98,689940,2137,2,63502.7905,1,10912.674918021403,0.09126749180213944,0.0
2024-09-24 09:57:00+00:00,63513.99,63515.0,63508.63,63514.06,281476,897,1,63508.6305,1,10915.704018330922,0.09157040183309118,0.0
2024-09-24 09:58:00+00:00,63514.05,63531.7,63514.05,63531.69,456817,770,0,63514.050500000005,1,10915.704018330922,0.09157040183309118,0.0
2024-09-24 09:59:00+00:00,63531.7,63534.48,63524.49,63524.5,176549,826,0,63524.4905,1,10915.704018330922,0.09157040183309118,0.0
2024-09-24 10:00:00+00:00,63524.5,63531.19,63504.1,63517.98,608113,1703,0,63504.1005,1,10915.704018330922,0.09157040183309118,0.0
2024-09-24 10:01:00+00:00,63517.98,63517.99,63505.19,63505.2,176714,942,3,63505.1905,1,10929.288230152453,0.0929288230152443,0.0
2024-09-24 10:02:00+00:00,63505.2,63521.16,63505.02,63521.16,352176,922,2,63505.0205,1,10940.139892947585,0.09401398929475735,0.0
2024-09-24 10:03:00+00:00,63521.16,63550.0,63521.16,63549.32,280276,1395,1,63521.160500000005,1,10946.149717815308,0.09461497178152967,0.0
2024-09-24 10:04:00+00:00,63549.32,63584.24,63549.31,63584.23,1093200,2262,1,63549.3105,1,10945.075489594894,0.09450754895948843,-9.813754133705708e-05
2024-09-24 10:05:00+00:00,63584.24,63586.0,63563.06,63577.99,945539,1745,1,63563.0605,1,10949.003997285568,0.0949003997285558,0.0
2024-09-24 10:06:00+00:00,63578.0,63600.82,63578.0,63600.81,435187,1130,0,63578.0005,1,10949.003997285568,0.0949003997285558,0.0
2024-09-24 10:07:00+00:00,63600.81,63608.99,63600.0,63600.0,538591,765,0,63600.0005,1,10949.003997285568,0.0949003997285558,0.0
2024-09-24 10:08:00+00:00,63600.01,63601.83,63574.0,63574.0,432349,1134,1,63574.0005,1,10950.380071497328,0.09503800714973165,0.0
2024-09-24 10:09:00+00:00,63574.0,63582.0,63574.0,63581.99,156208,408,0,63574.0005,1,10950.380071497328,0.09503800714973165,0.0
2024-09-24 10:10:00+00:00,63581.99,63595.15,63540.27,63540.28,987610,2582,0,63540.2705,1,10950.380071497328,0.09503800714973165,0.0
2024-09-24 10:11:00+00:00,63540.28,63540.28,63534.0,63540.0,275253,835,2,63534.0005,1,10953.825115526744,0.09538251155267319,0.0
2024-09-24 10:12:00+00:00,63540.0,63559.56,63539.99,63559.56,175932,1083,1,63539.9905,1,10953.899221527474,0.09538992215274611,0.0
2024-09-24 10:13:00+00:00,63559.56,63560.0,63559.55,63559.99,74921,238,0,63559.550500000005,1,10953.899221527474,0.09538992215274611,0.0
2024-09-24 10:14:00+00:00,63559.99,63560.0,63552.4,63552.4,143220,434,3,63552.4005,1,10971.672996990303,0.09716729969902893,0.0
2024-09-24 10:15:00+00:00,63552.41,63582.0,63552.4,63582.0,219557,1758,2,63552.4005,1,10984.359565496148,0.09843595654961357,0.0
2024-09-24 10:16:00+00:00,63582.0,63883.0,63581.99,63648.0,13854633,9870,1,63581.9905,1,10985.657365645917,0.09856573656459044,0.0
2024-09-24 10:17:00+00:00,63648.0,63675.05,63648.0,63655.52,551287,2811,0,63648.0005,1,10985.657365645917,0.09856573656459044,0.0
2024-09-24 10:18:00+00:00,63655.52,63655.53,63632.0,63650.0,374843,1866,0,63632.0005,1,10985.657365645917,0.09856573656459044,0.0
2024-09-24 10:19:00+00:00,63650.0,63656.8,63647.94,63649.05,312155,1354,4,63647.9405,1,10990.997527657652,0.099099752765764,0.0
2024-09-24 10:20:00+00:00,63649.05,63678.0,63649.05,63662.0,268559,2432,3,63649.050500000005,1,10994.103431423204,0.09941034314231922,0.0
2024-09-24 10:21:00+00:00,63662.01,63678.04,63662.0,63678.03,534543,930,0,63662.0005,1,10994.103431423204,0.09941034314231922,0.0
2024-09-24 10:22:00+00:00,63678.03,63680.0,63662.0,63679.99,827134,1863,1,63662.0005,1,10994.103431423204,0.09941034314231922,0.0
2024-09-24 10:23:00+00:00,63680.0,63683.25,63674.01,63679.99,405613,5256,0,63674.0105,1,10994.103431423204,0.09941034314231922,0.0
2024-09-24 10:24:00+00:00,63680.0,63680.0,63658.96,63658.96,413705,1437,0,63658.9605,1,10994.103431423204,0.09941034314231922,0.0
2024-09-24 10:25:00+00:00,63658.96,63658.97,63650.0,63650.01,281932,560,0,63650.0005,1,10994.103431423204,0.09941034314231922,0.0
2024-09-24 10:26:00+00:00,63650.0,63650.01,63628.92,63632.0,482796,1103,4,63628.9205,1,11007.097939203524,0.1007097939203514,0.0
2024-09-24 10:27:00+00:00,63632.0,63637.99,63632.0,63637.98,263027,1074,3,63632.0005,1,11019.072256903914,0.10190722569039035,0.0
2024-09-24 10:28:00+00:00,63637.99,63646.75,63637.98,63646.74,168635,440,2,63637.980500000005,1,11029.541344548858,0.10295413445488455,0.0
2024-09-24 10:29:00+00:00,63646.75,63685.99,63646.74,63684.0,1344842,1587,1,63646.7405,1,11033.561124314685,0.10335611243146725,0.0
2024-09-24 10:30:00+00:00,63684.01,63718.0,63684.0,63707.21,1182683,10949,0,63684.0005,1,11033.561124314685,0.10335611243146725,0.0
2024-09-24 10:31:00+00:00,63707.2,63707.21,63660.09,63660.1,1048756,2017,1,63660.0905,1,11034.042953591195,0.1034042953591181,0.0
2024-09-24 10:32:00+00:00,63660.1,63677.99,63660.09,63662.88,386157,1417,0,63660.0905,1,11034.042953591195,0.1034042953591181,0.0
2024-09-24 10:33:00+00:00,63662.89,63666.0,63650.0,63654.71,374287,1272,1,63650.0005,1,11035.653301969796,0.10356533019697811,0.0
2024-09-24 10:34:00+00:00,63654.72,63664.0,63654.72,63664.0,310789,1088,0,63654.7205,1,11035.653301969796,0.10356533019697811,0.0
2024-09-24 10:35:00+00:00,63663.99,63664.02,63650.0,63650.0,304452,707,0,63650.0005,1,11035.653301969796,0.10356533019697811,0.0
2024-09-24 10:36:00+00:00,63650.01,63650.01,63640.0,63640.0,212148,454,0,63640.0005,1,11035.653301969796,0.10356533019697811,0.0
2024-09-24 10:37:00+00:00,63640.0,63645.7,63617.2,63620.0,622884,2088,0,63617.2005,1,11035.653301969796,0.10356533019697811,0.0
2024-09-24 10:38:00+00:00,63619.99,63620.0,63610.06,63610.06,119403,476,5,63610.0605,1,11041.142497711387,0.10411424977113715,0.0
2024-09-24 10:39:00+00:00,63610.07,63628.88,63610.06,63610.07,565818,1795,4,63610.0605,1,11046.632687192434,0.10466326871924192,0.0
2024-09-24 10:40:00+00:00,63610.08,63618.0,63600.0,63617.99,264021,1562,3,63600.0005,1,11050.74969341997,0.10507496934199545,0.0
2024-09-24 10:41:00+00:00,63618.0,63634.63,63617.99,63624.6,323922,1272,2,63617.9905,1,11053.719736764171,0.1053719736764156,0.0
2024-09-24 10:42:00+00:00,63624.6,63640.0,63624.59,63640.0,117470,930,1,63624.5905,1,11054.015012118545,0.10540150121185321,0.0
2024-09-24 10:43:00+00:00,63639.99,63652.0,63639.99,63641.7,421172,1480,1,63639.9905,1,11058.58135862828,0.10585813586282655,0.0
2024-09-24 10:44:00+00:00,63641.69,63667.99,63641.69,63667.99,929984,1459,1,63641.6905,1,11054.78620186762,0.10547862018676057,-0.000343186584027666
2024-09-24 10:45:00+00:00,63667.99,63670.0,63646.14,63646.14,344554,2476,0,63646.1405,1,11054.78620186762,0.10547862018676057,-0.000343186584027666
2024-09-24 10:46:00+00:00,63646.15,63659.71,63642.16,63642.16,417874,2311,0,63642.160500000005,1,11054.78620186762,0.10547862018676057,-0.000343186584027666
2024-09-24 10:47:00+00:00,63642.16,63642.17,63625.29,63625.3,141442,1472,2,63625.2905,1,11057.340301528722,0.10573403015287064,-0.00011222570593014675
2024-09-24 10:48:00+00:00,63625.29,63639.49,63625.29,63639.48,253287,1217,1,63625.2905,1,11057.430651370625,0.105743065137061,-0.00010405559450510029
2024-09-24 10:49:00+00:00,63639.49,63640.01,63639.48,63640.0,119312,329,0,63639.480500000005,1,11057.430651370625,0.105743065137061,-0.00010405559450510029
2024-09-24 10:50:00+00:00,63640.0,63640.0,63620.0,63620.0,335198,1323,0,63620.0005,1,11057.430651370625,0.105743065137061,-0.00010405559450510029
2024-09-24 10:51:00+00:00,63620.01,63620.01,63581.25,63581.25,527401,3137,1,63581.2505,1,11057.559344950603,0.10575593449505871,-9.241815423997522e-05
2024-09-24 10:52:00+00:00,63581.25,63582.0,63581.25,63581.99,277168,330,0,63581.2505,1,11057.559344950603,0.10575593449505871,-9.241815423997522e-05
2024-09-24 10:53:00+00:00,63581.99,63593.07,63572.6,63574.49,438630,1511,0,63572.6005,1,11057.559344950603,0.10575593449505871,-9.241815423997522e-05
2024-09-24 10:54:00+00:00,63574.48,63574.49,63546.0,63555.78,726720,2275,0,63546.0005,1,11057.559344950603,0.10575593449505871,-9.241815423997522e-05
2024-09-24 10:55:00+00:00,63555.78,63562.68,63554.66,63554.66,129420,775,2,63554.660500000005,1,11060.572765647914,0.1060572765647898,0.0
2024-09-24 10:56:00+00:00,63554.66,63561.84,63554.66,63558.17,518863,647,1,63554.660500000005,1,11062.976020963377,0.10629760209633599,0.0
2024-09-24 10:57:00+00:00,63558.17,63574.99,63558.16,63571.98,288227,955,0,63558.160500000005,1,11062.976020963377,0.10629760209633599,0.0
2024-09-24 10:58:00+00:00,63571.98,63571.99,63568.55,63569.72,35921,247,0,63568.550500000005,1,11062.976020963377,0.10629760209633599,0.0
2024-09-24 10:59:00+00:00,63569.73,63569.73,63526.0,63526.0,644369,1994,1,63526.0005,1,11064.715767373498,0.10647157673734808,0.0
2024-09-24 11:00:00+00:00,63526.01,63542.0,63520.0,63535.99,562969,2971,0,63520.0005,1,11064.715767373498,0.10647157673734808,0.0
2024-09-24 11:01:00+00:00,63535.99,63535.99,63511.09,63512.31,351317,1645,0,63511.0905,1,11064.715767373498,0.10647157673734808,0.0
2024-09-24 11:02:00+00:00,63512.31,63512.32,63453.11,63479.62,1188745,3885,0,63453.1105,1,11064.715767373498,0.10647157673734808,0.0
2024-09-24 11:03:00+00:00,63479.62,63479.63,63433.0,63433.0,1404259,3929,2,63433.0005,1,11071.065075366694,0.10710650753666773,0.0
2024-09-24 11:04:00+00:00,63433.01,63442.46,63433.0,63436.73,230219,905,1,63433.0005,1,11076.766688549029,0.10767666885490135,0.0
2024-09-24 11:05:00+00:00,63436.72,63469.4,63436.72,63469.4,280769,1092,0,63436.7205,1,11076.766688549029,0.10767666885490135,0.0
2024-09-24 11:06:00+00:00,63469.39,63469.4,63456.65,63456.65,113376,949,0,63456.6505,1,11076.766688549029,0.10767666885490135,0.0
2024-09-24 11:07:00+00:00,63456.66,63456.66,63436.0,63441.99,758656,1649,0,63436.0005,1,11076.766688549029,0.10767666885490135,0.0
2024-09-24 11:08:00+00:00,63441.99,63441.99,63397.05,63405.41,1841119,2976,1,63397.050500000005,1,11077.257588527356,0.10772575885273405,0.0
2024-09-24 11:09:00+00:00,63405.41,63410.0,63397.05,63408.22,470299,1007,0,63397.050500000005,1,11077.257588527356,0.10772575885273405,0.0
2024-09-24 11:10:00+00:00,63408.22,63410.0,63380.0,63406.6,1355544,2856,2,63380.0005,1,11081.964059453647,0.10819640594536328,0.0
2024-09-24 11:11:00+00:00,63407.63,63412.0,63407.62,63411.99,185294,395,1,63407.620500000005,1,11085.730166233789,0.10857301662337737,0.0
2024-09-24 11:12:00+00:00,63412.0,63433.55,63406.95,63433.54,999772,1192,0,63406.9505,1,11085.730166233789,0.10857301662337737,0.0
2024-09-24 11:13:00+00:00,63433.55,63433.55,63400.41,63400.42,536395,989,1,63400.410500000005,1,11090.552601763155,0.10905526017631395,0.0
2024-09-24 11:14:00+00:00,63400.42,63433.55,63381.12,63428.0,1944519,2262,0,63381.120500000005,1,11090.552601763155,0.10905526017631395,0.0
2024-09-24 11:15:00+00:00,63428.0,63428.01,63416.0,63416.01,546727,2054,0,63416.0005,1,11090.552601763155,0.10905526017631395,0.0
2024-09-24 11:16:00+00:00,63416.0,63461.45,63408.21,63454.94,1330971,2157,2,63408.2105,1,11097.819887449365,0.10978198874493494,0.0
2024-09-24 11:17:00+00:00,63454.93,63474.0,63444.51,63466.84,403996,2371,1,63444.5105,1,11103.009736105128,0.11030097361051117,0.0
2024-09-24 11:18:00+00:00,63466.84,63496.53,63462.0,63496.52,977259,1898,0,63462.0005,1,11103.009736105128,0.11030097361051117,0.0
2024-09-24 11:19:00+00:00,63496.53,63496.53,63472.19,63473.99,346549,1566,3,63472.1905,1,11109.681268670438,0.11096812686704194,0.0
2024-09-24 11:20:00+00:00,63473.98,63495.95,63473.98,63495.94,405454,1264,2,63473.980500000005,1,11112.51398112008,0.11125139811200624,0.0
2024-09-24 11:21:00+00:00,63495.94,63509.75,63478.08,63509.75,620563,1297,1,63478.0805,1,11112.930417703048,0.11129304177030286,0.0
2024-09-24 11:22:00+00:00,63509.74,63523.99,63504.0,63512.13,595319,2289,0,63504.0005,1,11112.930417703048,0.11129304177030286,0.0
2024-09-24 11:23:00+00:00,63512.13,63517.99,63511.2,63511.2,258900,875,0,63511.2005,1,11112.930417703048,0.11129304177030286,0.0
2024-09-24 11:24:00+00:00,63511.2,63511.21,63438.0,63441.81,2917520,2321,4,63438.0005,1,11126.575950192413,0.11265759501923922,0.0
2024-09-24 11:25:00+00:00,63441.81,63486.0,63441.8,63486.0,348349,2947,3,63441.800500000005,1,11132.483975194476,0.1132483975194456,0.0
2024-09-24 11:26:00+00:00,63486.0,63510.0,63485.99,63509.99,254825,1439,2,63485.9905,1,11134.187766113651,0.11341877661136324,0.0
2024-09-24 11:27:00+00:00,63509.99,63514.0,63509.99,63514.0,331574,1532,1,63509.9905,1,11135.18874561651,0.11351887456164889,0.0
2024-09-24 11:28:00+00:00,63514.0,63520.0,63514.0,63519.71,57795,530,0,63514.0005,1,11135.18874561651,0.11351887456164889,0.0
2024-09-24 11:29:00+00:00,63519.71,63519.71,63519.21,63519.21,177274,400,2,63519.2105,1,11138.722879701483,0.11387228797014637,0.0
2024-09-24 11:30:00+00:00,63519.21,63525.68,63519.21,63525.68,299821,840,1,63519.2105,1,11141.123312348927,0.11411233123489084,0.0
2024-09-24 11:31:00+00:00,63525.7,63542.0,63520.0,63539.37,733899,1202,0,63520.0005,1,11141.123312348927,0.11411233123489084,0.0
2024-09-24 11:32:00+00:00,63539.37,63539.38,63514.0,63523.99,499122,1165,5,63514.0005,1,11154.454288299457,0.1154454288299438,0.0
2024-09-24 11:33:00+00:00,63523.99,63530.0,63500.0,63530.0,454657,1863,4,63500.0005,1,11166.744730613025,0.11667447306130074,0.0
2024-09-24 11:34:00+00:00,63530.0,63566.19,63529.99,63566.18,525539,1448,3,63529.9905,1,11172.685929325757,0.11726859293257386,0.0
2024-09-24 11:35:00+00:00,63566.18,63584.0,63566.18,63579.46,483850,1304,2,63566.1805,1,11176.29538069556,0.11762953806955423,0.0
2024-09-24 11:36:00+00:00,63579.46,63598.0,63578.14,63595.52,918662,1161,1,63578.1405,1,11177.082697212596,0.11770826972125792,0.0
2024-09-24 11:37:00+00:00,63595.52,63600.0,63595.51,63600.0,274242,610,0,63595.5105,1,11177.082697212596,0.11770826972125792,0.0
2024-09-24 11:38:00+00:00,63599.99,63600.0,63592.58,63594.0,152690,480,0,63592.5805,1,11177.082697212596,0.11770826972125792,0.0
2024-09-24 11:39:00+00:00,63594.01,63594.01,63571.38,63578.35,546615,846,0,63571.3805,1,11177.082697212596,0.11770826972125792,0.0
2024-09-24 11:40:00+00:00,63578.36,63590.0,63570.0,63570.0,243062,1416,0,63570.0005,1,11177.082697212596,0.11770826972125792,0.0
2024-09-24 11:41:00+00:00,63570.01,63570.01,63500.0,63529.99,2205297,2849,0,63500.0005,1,11177.082697212596,0.11770826972125792,0.0
2024-09-24 11:42:00+00:00,63529.99,63556.03,63524.0,63524.01,615543,2283,0,63524.0005,1,11177.082697212596,0.11770826972125792,0.0
2024-09-24 11:43:00+00:00,63524.01,63524.01,63500.0,63500.0,223065,1390,1,63500.0005,1,11179.194901816794,0.1179194901816778,0.0
2024-09-24 11:44:00+00:00,63500.0,63515.97,63500.0,63512.0,296995,1083,0,63500.0005,1,11179.194901816794,0.1179194901816778,0.0
2024-09-24 11:45:00+00:00,63512.0,63512.0,63461.12,63461.12,763517,1633,2,63461.120500000005,1,11186.043931550003,0.11860439315499849,0.0
2024-09-24 11:46:00+00:00,63461.13,63473.1,63461.12,63473.09,130609,710,1,63461.120500000005,1,11190.786357705687,0.1190786357705671,0.0
2024-09-24 11:47:00+00:00,63473.1,63500.0,63473.09,63500.0,286967,1290,0,63473.0905,1,11190.786357705687,0.1190786357705671,0.0
2024-09-24 11:48:00+00:00,63500.0,63510.85,63490.0,63490.01,870435,2414,5,63490.0005,1,11193.87091795792,0.11938709179579043,0.0
2024-09-24 11:49:00+00:00,63490.0,63497.29,63482.26,63497.29,322354,1145,4,63482.2605,1,11195.672591081002,0.11956725910809873,0.0
2024-09-24 11:50:00+00:00,63497.28,63497.5,63497.28,63497.49,279225,255,3,63497.2805,1,11197.439285156039,0.11974392851560234,0.0
2024-09-24 11:51:00+00:00,63497.49,63497.5,63485.31,63497.5,644776,1619,2,63485.3105,1,11199.204494294107,0.11992044942940905,0.0
2024-09-24 11:52:00+00:00,63497.49,63516.0,63491.06,63500.0,965715,2169,1,63491.0605,1,11200.52899863666,0.12005289986366452,0.0
2024-09-24 11:53:00+00:00,63500.01,63507.52,63499.34,63507.51,213130,592,1,63499.3405,1,11200.968148545177,0.12009681485451607,0.0
2024-09-24 11:54:00+00:00,63507.51,63523.89,63507.51,63510.0,945001,1322,0,63507.5105,1,11200.968148545177,0.12009681485451607,0.0
2024-09-24 11:55:00+00:00,63510.0,63510.0,63475.5,63475.51,715611,2161,0,63475.5005,1,11200.968148545177,0.12009681485451607,0.0
2024-09-24 11:56:00+00:00,63475.5,63479.64,63472.86,63472.87,339763,816,0,63472.8605,1,11200.968148545177,0.12009681485451607,0.0
2024-09-24 11:57:00+00:00,63472.86,63483.03,63464.0,63464.0,282828,1437,3,63464.0005,1,11210.068140946207,0.121006814094619,0.0
2024-09-24 11:58:00+00:00,63464.0,63471.95,63464.0,63467.1,154610,703,2,63464.0005,1,11218.6275347441,0.12186275347440834,0.0
2024-09-24 11:59:00+00:00,63467.11,63478.35,63467.1,63478.34,345648,602,1,63467.1005,1,11225.205484275282,0.12252054842752669,0.0
2024-09-24 12:00:00+00:00,63478.35,63515.57,63478.35,63515.56,761869,2588,0,63478.3505,1,11225.205484275282,0.12252054842752669,0.0
2024-09-24 12:01:00+00:00,63515.56,63515.57,63500.1,63500.11,185390,1069,0,63500.1005,1,11225.205484275282,0.12252054842752669,0.0
2024-09-24 12:02:00+00:00,63500.1,63519.82,63494.0,63494.0,432789,2261,5,63494.0005,1,11243.945393264055,0.1243945393264041,0.0
2024-09-24 12:03:00+00:00,63494.01,63496.91,63487.17,63496.0,998455,1841,2,63487.1705,1,11251.73519353257,0.1251735193532555,0.0
2024-09-24 12:04:00+00:00,63496.0,63530.0,63487.91,63530.0,1169926,3121,3,63487.910500000005,1,11264.132823999234,0.126413282399922,0.0
2024-09-24 12:05:00+00:00,63530.0,63540.0,63515.0,63539.99,515088,1911,2,63515.0005,1,11274.771173340621,0.12747711733406053,0.0
2024-09-24 12:06:00+00:00,63540.0,63592.0,63540.0,63591.99,503620,1662,1,63540.0005,1,11276.191335173873,0.12761913351738552,0.0
2024-09-24 12:07:00+00:00,63592.0,63600.0,63591.99,63600.0,226333,535,0,63591.9905,1,11276.191335173873,0.12761913351738552,0.0
2024-09-24 12:08:00+00:00,63599.99,63600.0,63565.0,63565.01,637606,1890,0,63565.0005,1,11276.191335173873,0.12761913351738552,0.0
2024-09-24 12:09:00+00:00,63565.01,63565.01,63565.0,63565.0,79282,268,0,63565.0005,1,11276.191335173873,0.12761913351738552,0.0
2024-09-24 12:10:00+00:00,63565.0,63565.01,63500.1,63500.11,652568,5010,1,63500.1005,1,11280.664512617708,0.12806645126176908,0.0
2024-09-24 12:11:00+00:00,63500.1,63525.31,63493.7,63525.3,381013,1304,0,63493.7005,1,11280.664512617708,0.12806645126176908,0.0
2024-09-24 12:12:00+00:00,63525.3,63527.39,63515.59,63516.11,201735,1171,1,63515.5905,1,11281.838469782724,0.12818384697827057,0.0
2024-09-24 12:13:00+00:00,63516.11,63522.72,63512.25,63522.72,255868,642,0,63512.2505,1,11281.838469782724,0.12818384697827057,0.0
2024-09-24 12:14:00+00:00,63522.71,63522.71,63490.98,63490.98,285718,1761,3,63490.980500000005,1,11296.226190068319,0.12962261900682992,0.0
2024-09-24 12:15:00+00:00,63490.99,63503.72,63490.99,63496.71,167300,1042,2,63490.9905,1,11309.611577414225,0.13096115774142048,0.0
2024-09-24 12:16:00+00:00,63496.71,63550.0,63496.71,63549.99,370308,1169,1,63496.7105,1,11313.51966725405,0.13135196672540306,0.0
2024-09-24 12:17:00+00:00,63549.99,63578.0,63549.99,63571.95,328019,966,0,63549.9905,1,11313.51966725405,0.13135196672540306,0.0
2024-09-24 12:18:00+00:00,63571.95,63571.96,63552.0,63552.6,256309,1861,5,63552.0005,1,11328.612050530104,0.1328612050530087,0.0
2024-09-24 12:19:00+00:00,63552.6,63590.0,63552.59,63590.0,214946,1014,4,63552.5905,1,11337.05283742984,0.13370528374298218,0.0
2024-09-24 12:20:00+00:00,63590.0,63600.0,63585.84,63599.99,204818,948,3,63585.8405,1,11343.717813408475,0.1343717813408456,0.0
2024-09-24 12:21:00+00:00,63600.0,63630.0,63599.99,63618.01,713008,2016,2,63599.9905,1,11347.171675200845,0.13471716752008267,0.0
2024-09-24 12:22:00+00:00,63618.01,63619.59,63608.52,63619.59,557799,1770,1,63608.5205,1,11350.344694456422,0.13503446944564046,0.0
2024-09-24 12:23:00+00:00,63619.59,63637.88,63619.58,63637.38,796299,1348,1,63619.5805,1,11353.715692991012,0.13537156929909955,0.0
2024-09-24 12:24:00+00:00,63637.38,63663.45,63630.03,63656.28,1292969,3166,0,63630.0305,1,11353.715692991012,0.13537156929909955,0.0
2024-09-24 12:25:00+00:00,63656.01,63663.57,63620.0,63620.0,857338,4913,1,63620.0005,1,11355.500307214998,0.13555003072149807,0.0
2024-09-24 12:26:00+00:00,63620.0,63630.0,63600.33,63630.0,708262,3259,0,63600.3305,1,11355.500307214998,0.13555003072149807,0.0
2024-09-24 12:27:00+00:00,63629.99,63630.0,63608.02,63608.02,554832,3039,0,63608.0205,1,11355.500307214998,0.13555003072149807,0.0
2024-09-24 12:28:00+00:00,63608.02,63608.03,63556.23,63556.24,652673,1578,3,63556.230500000005,1,11371.074843433315,0.13710748434332976,0.0
2024-09-24 12:29:00+00:00,63556.24,63565.89,63556.23,63563.92,431887,1097,2,63556.230500000005,1,11385.29496609574,0.13852949660957226,0.0
2024-09-24 12:30:00+00:00,63563.93,63638.81,63563.92,63638.01,591460,3184,0,63563.9205,1,11385.29496609574,0.13852949660957226,0.0
2024-09-24 12:31:00+00:00,63638.01,63652.63,63626.51,63643.41,1365241,2585,0,63626.5105,1,11385.29496609574,0.13852949660957226,0.0
2024-09-24 12:32:00+00:00,63643.4,63661.49,63614.38,63614.39,3616452,4757,0,63614.3805,1,11385.29496609574,0.13852949660957226,0.0
2024-09-24 12:33:00+00:00,63614.38,63627.38,63600.0,63600.0,740444,1773,0,63600.0005,1,11385.29496609574,0.13852949660957226,0.0
2024-09-24 12:34:00+00:00,63600.0,63616.26,63592.43,63596.01,1141846,5773,1,63592.4305,1,11386.122062996054,0.13861220629960358,0.0
2024-09-24 12:35:00+00:00,63596.01,63600.63,63596.01,63600.63,467385,3689,0,63596.0105,1,11386.122062996054,0.13861220629960358,0.0
2024-09-24 12:36:00+00:00,63600.63,63620.0,63520.0,63545.99,1775555,6888,2,63520.0005,1,11394.007741258247,0.13940077412582297,0.0
2024-09-24 12:37:00+00:00,63545.99,63547.5,63508.0,63547.49,779658,4097,1,63508.0005,1,11401.62974598386,0.14016297459838434,0.0
2024-09-24 12:38:00+00:00,63547.5,63590.0,63547.49,63590.0,489829,3128,0,63547.4905,1,11401.62974598386,0.14016297459838434,0.0
2024-09-24 12:39:00+00:00,63590.0,63590.0,63567.31,63579.99,475380,2140,0,63567.3105,1,11401.62974598386,0.14016297459838434,0.0
2024-09-24 12:40:00+00:00,63580.0,63580.0,63520.0,63520.0,761093,2571,1,63520.0005,1,11402.302858571195,0.1402302858571176,0.0
2024-09-24 12:41:00+00:00,63520.0,63532.8,63510.56,63523.75,738314,2687,3,63510.5605,1,11407.845716357026,0.14078457163570057,0.0
2024-09-24 12:42:00+00:00,63523.76,63553.99,63523.75,63553.99,624862,1726,1,63523.7505,1,11412.676020925272,0.1412676020925252,0.0
2024-09-24 12:43:00+00:00,63554.0,63580.9,63554.0,63580.9,791594,2514,0,63554.0005,1,11412.676020925272,0.1412676020925252,0.0
2024-09-24 12:44:00+00:00,63580.9,63580.9,63540.0,63554.63,506482,2530,1,63540.0005,1,11414.895539402818,0.14148955394027984,0.0
2024-09-24 12:45:00+00:00,63554.64,63574.9,63554.63,63566.99,438344,3436,0,63554.6305,1,11414.895539402818,0.14148955394027984,0.0
2024-09-24 12:46:00+00:00,63566.98,63596.0,63532.01,63532.02,1341264,3993,0,63532.0105,1,11414.895539402818,0.14148955394027984,0.0
2024-09-24 12:47:00+00:00,63532.01,63532.01,63504.0,63511.48,759119,1902,0,63504.0005,1,11414.895539402818,0.14148955394027984,0.0
2024-09-24 12:48:00+00:00,63511.48,63514.17,63496.26,63514.17,653805,1911,0,63496.2605,1,11414.895539402818,0.14148955394027984,0.0
2024-09-24 12:49:00+00:00,63514.16,63514.17,63428.94,63444.0,1541263,3546,0,63428.9405,1,11414.895539402818,0.14148955394027984,0.0
2024-09-24 12:50:00+00:00,63444.0,63447.97,63430.48,63434.01,762890,3048,1,63430.480500000005,1,11425.922822695402,0.14259228226953824,0.0
2024-09-24 12:51:00+00:00,63434.0,63495.29,63434.0,63495.29,734691,4711,0,63434.0005,1,11425.922822695402,0.14259228226953824,0.0
2024-09-24 12:52:00+00:00,63495.28,63495.29,63432.0,63432.0,1793602,5865,0,63432.0005,1,11425.922822695402,0.14259228226953824,0.0
2024-09-24 12:53:00+00:00,63432.01,63457.59,63424.08,63428.2,1088269,3435,1,63424.0805,1,11428.405144698814,0.14284051446987966,0.0
2024-09-24 12:54:00+00:00,63428.2,63448.5,63428.19,63441.98,415386,3342,0,63428.1905,1,11428.405144698814,0.14284051446987966,0.0
2024-09-24 12:55:00+00:00,63441.99,63441.99,63412.0,63412.01,582910,2158,2,63412.0005,1,11433.892984252489,0.14338929842524717,0.0
2024-09-24 12:56:00+00:00,63412.0,63446.9,63412.0,63446.89,386160,2617,2,63412.0005,1,11432.11068725394,0.14321106872539224,-0.0001558784047570576
2024-09-24 12:57:00+00:00,63446.9,63472.0,63442.46,63442.46,736526,3039,0,63442.4605,1,11432.11068725394,0.14321106872539224,-0.0001558784047570576
2024-09-24 12:58:00+00:00,63442.46,63459.5,63424.0,63437.0,703330,2029,3,63424.0005,1,11435.190510884395,0.14351905108843765,0.0
2024-09-24 12:59:00+00:00,63437.0,63451.99,63437.0,63446.01,518659,2510,0,63437.0005,1,11435.190510884395,0.14351905108843765,0.0
2024-09-24 13:00:00+00:00,63446.01,63487.25,63437.29,63437.29,1295317,2970,2,63437.2905,1,11444.973207923085,0.14449732079230682,0.0
2024-09-24 13:01:00+00:00,63437.29,63454.1,63437.29,63454.09,515901,1315,2,63437.2905,1,11442.875548995062,0.1442875548995044,-0.00018328211782718377
2024-09-24 13:02:00+00:00,63454.1,63491.56,63454.1,63491.56,583985,2549,0,63454.1005,1,11442.875548995062,0.1442875548995044,-0.00018328211782718377
2024-09-24 13:03:00+00:00,63491.56,63491.56,63442.46,63442.46,550091,1724,0,63442.4605,1,11442.875548995062,0.1442875548995044,-0.00018328211782718377
2024-09-24 13:04:00+00:00,63442.46,63454.0,63434.0,63453.99,746971,1724,1,63434.0005,1,11443.146049137347,0.14431460491373294,-0.0001596472750563622
2024-09-24 13:05:00+00:00,63453.99,63455.5,63453.99,63455.49,171053,299,0,63453.9905,1,11443.146049137347,0.14431460491373294,-0.0001596472750563622
2024-09-24 13:06:00+00:00,63455.49,63459.99,63421.01,63421.01,927329,2707,1,63421.0105,1,11445.599917126336,0.1445599917126319,0.0
2024-09-24 13:07:00+00:00,63421.01,63455.61,63421.01,63434.61,754790,2632,3,63421.0105,1,11463.173942282761,0.1463173942282745,0.0
2024-09-24 13:08:00+00:00,63434.61,63451.32,63434.61,63444.61,423269,1383,2,63434.6105,1,11478.965376772714,0.14789653767726985,0.0
2024-09-24 13:09:00+00:00,63444.61,63483.87,63444.61,63483.86,310427,2484,2,63444.6105,1,11485.359068267257,0.14853590682672402,0.0
2024-09-24 13:10:00+00:00,63483.86,63550.35,63483.86,63532.01,2549072,4968,0,63483.8605,1,11485.359068267257,0.14853590682672402,0.0
2024-09-24 13:11:00+00:00,63532.0,63532.0,63510.64,63519.22,677995,1719,3,63510.6405,1,11485.500105579635,0.1485500105579618,0.0
2024-09-24 13:12:00+00:00,63519.22,63550.0,63519.21,63550.0,409696,1489,0,63519.2105,1,11485.500105579635,0.1485500105579618,0.0
2024-09-24 13:13:00+00:00,63550.0,63550.0,63530.0,63541.99,496041,1696,0,63530.0005,1,11485.500105579635,0.1485500105579618,0.0
2024-09-24 13:14:00+00:00,63541.98,63541.99,63520.0,63520.0,588506,842,0,63520.0005,1,11485.500105579635,0.1485500105579618,0.0
2024-09-24 13:15:00+00:00,63520.01,63523.04,63500.0,63500.0,576657,1403,0,63500.0005,1,11485.500105579635,0.1485500105579618,0.0
2024-09-24 13:16:00+00:00,63500.01,63510.0,63472.0,63499.99,577701,3531,2,63472.0005,1,11488.30907951238,0.14883090795123644,0.0
2024-09-24 13:17:00+00:00,63499.98,63510.0,63496.0,63509.99,283248,1128,1,63496.0005,1,11489.309400079423,0.1489309400079406,0.0
2024-09-24 13:18:00+00:00,63510.0,63515.99,63500.44,63515.52,192793,841,0,63500.4405,1,11489.309400079423,0.1489309400079406,0.0
2024-09-24 13:19:00+00:00,63515.51,63525.0,63515.51,63524.99,239550,380,1,63515.5105,1,11493.380622358965,0.14933806223589485,0.0
2024-09-24 13:20:00+00:00,63524.99,63547.5,63524.99,63547.5,264762,1085,0,63524.9905,1,11493.380622358965,0.14933806223589485,0.0
2024-09-24 13:21:00+00:00,63547.49,63550.0,63547.49,63547.51,211105,338,0,63547.4905,1,11493.380622358965,0.14933806223589485,0.0
2024-09-24 13:22:00+00:00,63547.5,63560.0,63547.5,63550.0,293187,864,0,63547.5005,1,11493.380622358965,0.14933806223589485,0.0
2024-09-24 13:23:00+00:00,63550.0,63550.0,63529.65,63529.65,380548,1627,1,63529.6505,1,11495.611287616428,0.14956112876164096,0.0
2024-09-24 13:24:00+00:00,63529.65,63541.98,63529.65,63541.98,258992,742,0,63529.6505,1,11495.611287616428,0.14956112876164096,0.0
2024-09-24 13:25:00+00:00,63541.97,63543.99,63540.0,63543.98,127669,665,0,63540.0005,1,11495.611287616428,0.14956112876164096,0.0
2024-09-24 13:26:00+00:00,63543.99,63543.99,63470.48,63486.82,532271,3587,0,63470.480500000005,1,11495.611287616428,0.14956112876164096,0.0
2024-09-24 13:27:00+00:00,63486.82,63486.82,63459.9,63459.9,389133,3239,0,63459.9005,1,11495.611287616428,0.14956112876164096,0.0
2024-09-24 13:28:00+00:00,63459.9,63481.24,63442.0,63481.24,1387309,3048,0,63442.0005,1,11495.611287616428,0.14956112876164096,0.0
2024-09-24 13:29:00+00:00,63481.23,63481.77,63455.02,63458.51,436576,3450,0,63455.0205,1,11495.611287616428,0.14956112876164096,0.0
2024-09-24 13:30:00+00:00,63458.51,63491.57,63440.0,63440.0,839417,9622,0,63440.0005,1,11495.611287616428,0.14956112876164096,0.0
2024-09-24 13:31:00+00:00,63440.0,63452.0,63402.5,63425.05,1010956,10025,2,63402.5005,1,11497.958438563484,0.14979584385634648,0.0
2024-09-24 13:32:00+00:00,63425.05,63547.54,63420.0,63547.53,1355692,11836,1,63420.0005,1,11478.140651974834,0.14781406519748153,-0.0017235917745347163
2024-09-24 13:33:00+00:00,63547.54,63547.54,63432.0,63438.0,1827942,9717,0,63432.0005,1,11478.140651974834,0.14781406519748153,-0.0017235917745347163
2024-09-24 13:34:00+00:00,63438.01,63490.0,63406.0,63483.77,970545,7240,1,63406.0005,1,11485.41260222326,0.14854126022232395,-0.001091135996643275
2024-09-24 13:35:00+00:00,63483.78,63530.0,63483.78,63523.99,973067,6268,0,63483.7805,1,11485.41260222326,0.14854126022232395,-0.001091135996643275
2024-09-24 13:36:00+00:00,63523.99,63650.0,63513.51,63593.99,3755672,7309,0,63513.5105,1,11485.41260222326,0.14854126022232395,-0.001091135996643275
2024-09-24 13:37:00+00:00,63593.99,63640.0,63590.44,63621.99,898127,5229,1,63590.4405,1,11481.444644462164,0.14814446444621443,-0.0014362370667416607
2024-09-24 13:38:00+00:00,63622.0,63622.0,63592.02,63600.01,521812,5951,0,63592.0205,1,11481.444644462164,0.14814446444621443,-0.0014362370667416607
2024-09-24 13:39:00+00:00,63600.0,63649.9,63580.01,63590.01,914250,5485,0,63580.0105,1,11481.444644462164,0.14814446444621443,-0.0014362370667416607
2024-09-24 13:40:00+00:00,63590.01,63610.0,63530.0,63549.99,698447,7386,0,63530.0005,1,11481.444644462164,0.14814446444621443,-0.0014362370667416607
2024-09-24 13:41:00+00:00,63550.0,63589.99,63529.66,63566.01,438762,4774,1,63529.660500000005,1,11483.742161262064,0.1483742161262045,-0.0012364175238049275
2024-09-24 13:42:00+00:00,63566.0,63578.73,63542.84,63578.73,444510,4522,2,63542.8405,1,11493.000864969832,0.14930008649698134,-0.00043116990030377285
2024-09-24 13:43:00+00:00,63578.73,63590.0,63545.2,63579.69,836323,5641,1,63545.2005,1,11502.093358870132,0.15020933588701135,0.0
2024-09-24 13:44:00+00:00,63579.68,63630.0,63579.68,63629.99,703355,4389,1,63579.6805,1,11506.79506396649,0.1506795063966473,0.0
2024-09-24 13:45:00+00:00,63629.99,63656.0,63598.5,63656.0,3200909,6651,1,63598.5005,1,11512.203561332235,0.1512203561332217,0.0
2024-09-24 13:46:00+00:00,63655.99,63745.8,63655.99,63685.92,6302517,13054,2,63655.9905,1,11526.071874096273,0.1526071874096253,0.0
2024-09-24 13:47:00+00:00,63685.92,63749.99,63680.01,63741.02,2452116,9586,1,63680.0105,1,11529.981345170285,0.15299813451702637,0.0
2024-09-24 13:48:00+00:00,63741.02,63762.66,63724.51,63762.64,1282925,7720,0,63724.5105,1,11529.981345170285,0.15299813451702637,0.0
2024-09-24 13:49:00+00:00,63762.65,63768.0,63690.71,63720.0,1673185,6346,0,63690.7105,1,11529.981345170285,0.15299813451702637,0.0
2024-09-24 13:50:00+00:00,63719.99,63746.51,63650.91,63735.51,2050554,10366,0,63650.910500000005,1,11529.981345170285,0.15299813451702637,0.0
2024-09-24 13:51:00+00:00,63735.51,63744.0,63720.0,63743.99,1316743,3516,1,63720.0005,1,11530.124239979077,0.1530124239979056,0.0
2024-09-24 13:52:00+00:00,63744.0,63750.0,63726.37,63744.78,880607,2579,1,63726.370500000005,1,11532.079547425963,0.1532079547425942,0.0
2024-09-24 13:53:00+00:00,63744.79,63756.73,63732.53,63755.59,381150,2029,0,63732.5305,1,11532.079547425963,0.1532079547425942,0.0
2024-09-24 13:54:00+00:00,63755.59,63760.0,63732.48,63737.62,1187795,3922,0,63732.480500000005,1,11532.079547425963,0.1532079547425942,0.0
2024-09-24 13:55:00+00:00,63737.62,63760.0,63710.01,63710.01,903278,3876,0,63710.0105,1,11532.079547425963,0.1532079547425942,0.0
2024-09-24 13:56:00+00:00,63710.02,63730.0,63671.4,63682.04,860880,3842,0,63671.4005,1,11532.079547425963,0.1532079547425942,0.0
2024-09-24 13:57:00+00:00,63682.07,63683.99,63640.0,63640.01,966725,5265,5,63640.0005,1,11455.218358044687,0.14552183580446676,-0.006664989524671789
2024-09-24 13:58:00+00:00,63640.01,63655.27,63568.44,63573.99,1167833,5616,5,63568.4405,1,11386.118374102723,0.1386118374102705,-0.012656968998780369
2024-09-24 13:59:00+00:00,63573.99,63574.0,63506.0,63519.85,1321973,3774,2,63506.0005,1,11348.85886285953,0.134885886285951,-0.01588791369439775
2024-09-24 14:00:00+00:00,63519.86,63521.65,63370.29,63385.99,5473699,15377,2,63370.2905,1,11318.396376639357,0.1318396376639337,-0.018529456886577006
2024-09-24 14:01:00+00:00,63385.98,63419.99,63307.0,63311.99,4847930,11050,1,63307.0005,1,11301.209258880934,0.13012092588809132,-0.020019831427243416
2024-09-24 14:02:00+00:00,63311.99,63320.0,63205.39,63215.85,5908410,13128,1,63205.3905,1,11296.677394566643,0.12966773945666232,-0.020412810360110948
2024-09-24 14:03:00+00:00,63215.84,63220.0,63150.01,63190.5,8111593,15042,1,63150.0105,1,11299.156958986336,0.1299156958986316,-0.02019779585127968
2024-09-24 14:04:00+00:00,63190.49,63209.01,63135.0,63204.37,2124039,7365,1,63135.0005,1,11285.598908114702,0.12855989081146824,-0.021373477203101447
2024-09-24 14:05:00+00:00,63204.36,63211.81,63128.5,63128.53,4313540,10052,2,63128.5005,1,11322.871033987945,0.13228710339879246,-0.018141438634518822
2024-09-24 14:06:00+00:00,63128.54,63200.0,63128.53,63194.0,1982765,7809,1,63128.5305,1,11348.496837312327,0.13484968373123052,-0.015919306605426026
2024-09-24 14:07:00+00:00,63193.99,63400.0,63193.99,63337.02,7064047,9285,1,63193.9905,1,11364.081597298025,0.13640815972980058,-0.014567879924608734
2024-09-24 14:08:00+00:00,63337.02,63449.41,63337.02,63424.0,3697690,12669,0,63337.0205,1,11364.081597298025,0.13640815972980058,-0.014567879924608734
2024-09-24 14:09:00+00:00,63424.01,63445.52,63364.0,63406.0,4840947,9046,0,63364.0005,1,11364.081597298025,0.13640815972980058,-0.014567879924608734
2024-09-24 14:10:00+00:00,63406.0,63506.41,63405.99,63506.17,1887084,7802,0,63405.9905,1,11364.081597298025,0.13640815972980058,-0.014567879924608734
2024-09-24 14:11:00+00:00,63506.17,63551.81,63291.63,63347.47,10127459,12070,0,63291.6305,1,11364.081597298025,0.13640815972980058,-0.014567879924608734
2024-09-24 14:12:00+00:00,63347.46,63383.0,63324.4,63324.41,1580008,9647,0,63324.4005,1,11364.081597298025,0.13640815972980058,-0.014567879924608734
2024-09-24 14:13:00+00:00,63324.4,63324.41,63252.0,63252.0,2351072,10211,2,63252.0005,1,11372.25988406064,0.13722598840606204,-0.013858702821816315
2024-09-24 14:14:00+00:00,63252.0,63295.99,63252.0,63256.0,1669047,5482,2,63252.0005,1,11367.58556451806,0.1367585564518039,-0.014264034706959612
2024-09-24 14:15:00+00:00,63255.99,63317.51,63196.88,63297.52,3484194,11595,0,63196.8805,1,11367.58556451806,0.1367585564518039,-0.014264034706959612
2024-09-24 14:16:00+00:00,63297.51,63311.99,63230.0,63230.0,1016673,10221,2,63230.0005,1,11371.900321018904,0.1371900321018884,-0.013889882197596544
2024-09-24 14:17:00+00:00,63230.01,63299.99,63210.57,63218.91,1956968,9952,0,63210.5705,1,11371.900321018904,0.1371900321018884,-0.013889882197596544
2024-09-24 14:18:00+00:00,63218.92,63268.0,63213.2,63254.0,908515,8999,1,63213.2005,1,11366.506875392848,0.13665068753928278,-0.01435757283430046
2024-09-24 14:19:00+00:00,63254.01,63275.9,63213.5,63224.0,1536396,5925,3,63213.5005,1,11368.304690601533,0.13683046906015117,-0.014201675955399154
2024-09-24 14:20:00+00:00,63224.0,63294.0,63224.0,63261.9,1849632,8899,1,63224.0005,1,11372.277906972038,0.1372277906972017,-0.013857139971740278
2024-09-24 14:21:00+00:00,63261.9,63295.99,63230.0,63284.01,884915,8349,0,63230.0005,1,11372.277906972038,0.1372277906972017,-0.013857139971740278
2024-09-24 14:22:00+00:00,63284.0,63284.01,63206.13,63234.0,1508264,11395,2,63206.1305,1,11359.615065977796,0.1359615065977775,-0.014955193531132237
2024-09-24 14:23:00+00:00,63234.0,63234.01,63121.3,63134.0,5679619,14717,2,63121.300500000005,1,11355.266190630999,0.1355266190630977,-0.015332304643565378
2024-09-24 14:24:00+00:00,63134.0,63169.5,63105.0,63163.59,6686472,8078,2,63105.0005,1,11333.971782249837,0.13339717822498143,-0.017178841366936728
2024-09-24 14:25:00+00:00,63163.6,63200.0,63085.13,63109.83,6736159,8389,2,63085.1305,1,11311.012839837176,0.13110128398371534,-0.019169717541371832
2024-09-24 14:26:00+00:00,63109.83,63110.0,63000.0,63045.14,9833569,11482,2,63000.0005,1,11282.746583740094,0.1282746583740071,-0.021620815453143632
2024-09-24 14:27:00+00:00,63045.15,63049.0,62960.0,62981.99,3604674,10136,0,62960.0005,1,11282.746583740094,0.1282746583740071,-0.021620815453143632
2024-09-24 14:28:00+00:00,62981.99,62992.0,62874.01,62887.59,5849417,11859,0,62874.0105,1,11282.746583740094,0.1282746583740071,-0.021620815453143632
2024-09-24 14:29:00+00:00,62887.58,62900.0,62800.0,62862.53,9993276,11463,2,62800.0005,1,11300.242572797215,0.13002425727971922,-0.020103657252389974
2024-09-24 14:30:00+00:00,62862.54,62985.7,62862.53,62919.98,5660971,14381,1,62862.5305,1,11307.431842567947,0.13074318425679232,-0.019480242391161726
2024-09-24 14:31:00+00:00,62919.98,63007.26,62912.5,62960.01,3284762,11894,1,62912.5005,1,11304.197299760779,0.13041972997607565,-0.01976072457079511
2024-09-24 14:32:00+00:00,62960.0,62968.4,62906.0,62942.0,3788136,10603,0,62906.0005,1,11304.197299760779,0.13041972997607565,-0.01976072457079511
2024-09-24 14:33:00+00:00,62941.99,62984.2,62921.79,62952.02,2221376,10506,0,62921.7905,1,11304.197299760779,0.13041972997607565,-0.01976072457079511
2024-09-24 14:34:00+00:00,62952.02,62952.02,62860.41,62891.77,1508322,8866,2,62860.410500000005,1,11287.702515368497,0.12877025153684762,-0.021191063680445425
2024-09-24 14:35:00+00:00,62891.76,62903.5,62850.0,62859.04,2189558,7058,2,62850.0005,1,11284.552828352604,0.1284552828352583,-0.021464187621616688
2024-09-24 14:36:00+00:00,62859.04,62883.89,62800.0,62800.0,2420754,5338,2,62800.0005,1,11302.886632892043,0.1302886632892024,-0.019874378562110887
2024-09-24 14:37:00+00:00,62800.0,62855.03,62731.1,62841.5,4282264,11388,2,62731.1005,1,11303.841707612104,0.13038417076120856,-0.01979155961205654
2024-09-24 14:38:00+00:00,62841.99,62910.47,62822.16,62902.03,3221411,6130,0,62822.160500000005,1,11303.841707612104,0.13038417076120856,-0.01979155961205654
2024-09-24 14:39:00+00:00,62902.02,62902.03,62831.3,62846.81,4306215,6808,1,62831.300500000005,1,11297.219136766038,0.1297219136766019,-0.020365833386255774
2024-09-24 14:40:00+00:00,62846.81,62870.0,62783.5,62809.99,3140014,7916,2,62783.5005,1,11296.845020868162,0.12968450208681426,-0.020398274707557534
2024-09-24 14:41:00+00:00,62809.98,62827.3,62736.5,62754.0,4168589,9157,2,62736.5005,1,11318.35716320162,0.13183571632016,-0.018532857265283788
2024-09-24 14:42:00+00:00,62754.0,62811.02,62734.01,62807.91,2780036,8459,3,62734.0105,1,11362.163420133313,0.13621634201332955,-0.014734213945877329
2024-09-24 14:43:00+00:00,62807.91,62880.0,62807.91,62873.5,1262166,7521,0,62807.910500000005,1,11362.163420133313,0.13621634201332955,-0.014734213945877329
2024-09-24 14:44:00+00:00,62873.0,62934.0,62867.98,62921.95,1231035,5861,0,62867.980500000005,1,11362.163420133313,0.13621634201332955,-0.014734213945877329
2024-09-24 14:45:00+00:00,62921.95,63051.0,62919.91,63051.0,4072189,8640,1,62919.910500000005,1,11375.228349285262,0.13752283492852446,-0.013601293461048937
2024-09-24 14:46:00+00:00,63050.99,63123.51,63011.44,63123.5,3484171,9853,0,63011.4405,1,11375.228349285262,0.13752283492852446,-0.013601293461048937
2024-09-24 14:47:00+00:00,63123.5,63130.12,63046.0,63055.99,3597335,5366,3,63046.0005,1,11383.59164016806,0.13835916401680426,-0.012876073794604192
2024-09-24 14:48:00+00:00,63056.0,63060.0,63006.0,63060.0,1405727,8305,1,63006.0005,1,11383.721614573087,0.1383721614573068,-0.012864803112287783
2024-09-24 14:49:00+00:00,63060.0,63069.88,63026.01,63060.72,949942,4346,0,63026.0105,1,11383.721614573087,0.1383721614573068,-0.012864803112287783
2024-09-24 14:50:00+00:00,63060.73,63102.35,63051.17,63102.35,1276022,6409,1,63051.1705,1,11381.269966152038,0.1381269966152019,-0.013077396895652396
2024-09-24 14:51:00+00:00,63102.36,63103.99,63060.35,63088.76,1283644,3850,1,63060.3505,1,11392.853508838985,0.1392853508838967,-0.012072934288599652
2024-09-24 14:52:00+00:00,63088.75,63159.62,63072.3,63152.97,1294141,6942,1,63072.300500000005,1,11389.802929383506,0.1389802929383488,-0.01233746415443466
2024-09-24 14:53:00+00:00,63152.98,63159.99,63136.0,63136.06,1285978,8221,0,63136.0005,1,11389.802929383506,0.1389802929383488,-0.01233746415443466
2024-09-24 14:54:00+00:00,63136.05,63190.0,63136.05,63176.01,1206683,8813,0,63136.050500000005,1,11389.802929383506,0.1389802929383488,-0.01233746415443466
2024-09-24 14:55:00+00:00,63176.01,63180.0,63144.42,63148.82,1499589,2809,0,63144.4205,1,11389.802929383506,0.1389802929383488,-0.01233746415443466
2024-09-24 14:56:00+00:00,63148.81,63160.0,63084.86,63156.0,1587858,5747,1,63084.8605,1,11401.346746051913,0.14013467460518947,-0.0113364463743428
2024-09-24 14:57:00+00:00,63156.0,63230.09,63156.0,63220.01,2326258,5903,0,63156.0005,1,11401.346746051913,0.14013467460518947,-0.0113364463743428
2024-09-24 14:58:00+00:00,63220.0,63228.0,63186.0,63186.95,720642,3982,1,63186.0005,1,11402.779426267743,0.1402779426267724,-0.011212212040895972
2024-09-24 14:59:00+00:00,63186.96,63220.0,63186.95,63194.89,807841,3920,0,63186.9505,1,11402.779426267743,0.1402779426267724,-0.011212212040895972
2024-09-24 15:00:00+00:00,63194.89,63220.0,63190.36,63220.0,852888,3721,0,63190.3605,1,11402.779426267743,0.1402779426267724,-0.011212212040895972
2024-09-24 15:01:00+00:00,63220.0,63224.0,63134.75,63134.75,1566227,6170,1,63134.7505,1,11396.550180687269,0.13965501806872505,-0.011752378760597879
2024-09-24 15:02:00+00:00,63134.75,63144.28,63100.0,63100.26,1099670,4854,0,63100.0005,1,11396.550180687269,0.13965501806872505,-0.011752378760597879
2024-09-24 15:03:00+00:00,63100.26,63120.0,63086.92,63086.93,453646,3697,3,63086.9205,1,11407.040430711995,0.14070404307119766,-0.010842720621180364
2024-09-24 15:04:00+00:00,63086.93,63160.0,63086.93,63155.99,399843,3699,0,63086.9305,1,11407.040430711995,0.14070404307119766,-0.010842720621180364
2024-09-24 15:05:00+00:00,63155.99,63155.99,63099.99,63099.99,576960,3816,1,63099.9905,1,11415.17721313916,0.14151772131391427,-0.010137142551439961
2024-09-24 15:06:00+00:00,63100.0,63145.0,63100.0,63145.0,301777,4708,1,63100.0005,1,11421.489953471457,0.14214899534714398,-0.009589735615307175
2024-09-24 15:07:00+00:00,63145.0,63180.0,63145.0,63179.92,668060,4511,1,63145.0005,1,11438.62221009493,0.1438622210094913,-0.008104118337606554
2024-09-24 15:08:00+00:00,63179.92,63296.0,63179.92,63274.69,1676872,9516,2,63179.9205,1,11434.3594833757,0.14343594833756823,-0.008473759103758098
2024-09-24 15:09:00+00:00,63274.68,63327.0,63274.68,63319.99,1547982,6983,0,63274.6805,1,11434.3594833757,0.14343594833756823,-0.008473759103758098
2024-09-24 15:10:00+00:00,63319.99,63319.99,63240.0,63251.11,1377406,6258,4,63240.0005,1,11434.158820667542,0.1434158820667526,-0.008491159496057865
2024-09-24 15:11:00+00:00,63251.11,63330.14,63241.54,63324.61,2241251,3954,0,63241.5405,1,11434.158820667542,0.1434158820667526,-0.008491159496057865
2024-09-24 15:12:00+00:00,63324.61,63370.09,63318.0,63370.08,3074881,4882,0,63318.0005,1,11434.158820667542,0.1434158820667526,-0.008491159496057865
2024-09-24 15:13:00+00:00,63370.08,63370.09,63282.01,63284.01,2000605,3843,0,63282.0105,1,11434.158820667542,0.1434158820667526,-0.008491159496057865
2024-09-24 15:14:00+00:00,63284.01,63290.0,63240.0,63250.0,411841,3282,0,63240.0005,1,11434.158820667542,0.1434158820667526,-0.008491159496057865
2024-09-24 15:15:00+00:00,63249.99,63264.0,63244.0,63256.16,387018,2504,1,63244.0005,1,11443.22029992395,0.14432202999239352,-0.0077053966837963995
2024-09-24 15:16:00+00:00,63256.17,63306.29,63242.0,63306.29,1004815,3975,1,63242.0005,1,11440.635437498922,0.14406354374989072,-0.007929542070098852
2024-09-24 15:17:00+00:00,63306.29,63314.52,63280.72,63291.99,615973,3972,0,63280.7205,1,11440.635437498922,0.14406354374989072,-0.007929542070098852
2024-09-24 15:18:00+00:00,63291.99,63302.0,63280.0,63295.99,523966,3103,1,63280.0005,1,11442.444726850892,0.14424447268508778,-0.0077726502151191
2024-09-24 15:19:00+00:00,63295.99,63313.77,63287.0,63306.0,329325,2539,0,63287.0005,1,11442.444726850892,0.14424447268508778,-0.0077726502151191
2024-09-24 15:20:00+00:00,63306.01,63339.73,63286.0,63334.52,796883,5473,0,63286.0005,1,11442.444726850892,0.14424447268508778,-0.0077726502151191
2024-09-24 15:21:00+00:00,63334.52,63334.52,63316.0,63316.0,421372,2656,0,63316.0005,1,11442.444726850892,0.14424447268508778,-0.0077726502151191
2024-09-24 15:22:00+00:00,63316.01,63318.03,63244.47,63244.82,992261,3213,0,63244.4705,1,11442.444726850892,0.14424447268508778,-0.0077726502151191
2024-09-24 15:23:00+00:00,63244.82,63264.0,63224.0,63234.0,1395872,3658,5,63224.0005,1,11426.707158171159,0.14267071581711455,-0.009137327645153468
2024-09-24 15:24:00+00:00,63234.01,63243.49,63212.76,63212.77,1084370,2802,2,63212.7605,1,11434.160132247938,0.14341601322479236,-0.008491045762850383
2024-09-24 15:25:00+00:00,63212.77,63280.0,63212.77,63279.99,715291,4615,1,63212.7705,1,11429.463958594353,0.14294639585943392,-0.008898272719122396
2024-09-24 15:26:00+00:00,63280.0,63280.0,63252.08,63254.0,228851,2116,0,63252.0805,1,11429.463958594353,0.14294639585943392,-0.008898272719122396
2024-09-24 15:27:00+00:00,63254.0,63254.19,63220.71,63223.75,694373,3290,0,63220.7105,1,11429.463958594353,0.14294639585943392,-0.008898272719122396
2024-09-24 15:28:00+00:00,63223.76,63225.64,63144.78,63147.03,3221310,2745,1,63144.7805,1,11424.835848714582,0.14248358487145674,-0.009299597550497215
2024-09-24 15:29:00+00:00,63147.04,63147.04,63110.45,63121.46,592301,1979,2,63110.4505,1,11433.118301123592,0.1433118301123577,-0.008581387762319084
2024-09-24 15:30:00+00:00,63121.47,63150.0,63120.4,63135.0,559152,2604,2,63120.4005,1,11446.075291928144,0.14460752919281306,-0.007457827111244281
2024-09-24 15:31:00+00:00,63135.01,63167.23,63135.0,63167.22,208692,1418,2,63135.0005,1,11442.230169130358,0.14422301691303452,-0.007791255508262579
2024-09-24 15:32:00+00:00,63167.23,63213.5,63167.22,63206.55,760726,1734,0,63167.2205,1,11442.230169130358,0.14422301691303452,-0.007791255508262579
2024-09-24 15:33:00+00:00,63206.55,63212.0,63139.9,63146.0,697081,2954,0,63139.9005,1,11442.230169130358,0.14422301691303452,-0.007791255508262579
2024-09-24 15:34:00+00:00,63146.0,63158.0,63125.26,63125.26,341527,1843,0,63125.2605,1,11442.230169130358,0.14422301691303452,-0.007791255508262579
2024-09-24 15:35:00+00:00,63125.26,63150.0,63122.62,63145.23,1342989,2149,0,63122.620500000005,1,11442.230169130358,0.14422301691303452,-0.007791255508262579
2024-09-24 15:36:00+00:00,63145.23,63147.68,63119.9,63134.24,474247,3444,0,63119.9005,1,11442.230169130358,0.14422301691303452,-0.007791255508262579
2024-09-24 15:37:00+00:00,63134.24,63134.24,63058.74,63058.75,579604,5065,0,63058.7405,1,11442.230169130358,0.14422301691303452,-0.007791255508262579
2024-09-24 15:38:00+00:00,63058.75,63058.75,62999.9,62999.9,3061082,5051,2,62999.9005,1,11451.082473633118,0.14510824736331052,-0.007023631207168032
2024-09-24 15:39:00+00:00,62999.9,63080.0,62999.9,63070.0,2445153,5662,2,62999.9005,1,11448.54061292865,0.1448540612928637,-0.007244047715224105
2024-09-24 15:40:00+00:00,63070.01,63090.0,63048.63,63048.64,315141,3254,0,63048.6305,1,11448.54061292865,0.1448540612928637,-0.007244047715224105
2024-09-24 15:41:00+00:00,63048.63,63056.0,63014.0,63056.0,292040,4424,0,63014.0005,1,11448.54061292865,0.1448540612928637,-0.007244047715224105
2024-09-24 15:42:00+00:00,63056.0,63066.58,63030.0,63045.06,220102,3032,2,63030.0005,1,11459.939204575221,0.1459939204575209,-0.0062556230690278365
2024-09-24 15:43:00+00:00,63045.06,63109.91,63045.06,63109.91,634927,4121,0,63045.0605,1,11459.939204575221,0.1459939204575209,-0.0062556230690278365
2024-09-24 15:44:00+00:00,63109.9,63109.91,63086.0,63107.83,235574,2664,0,63086.0005,1,11459.939204575221,0.1459939204575209,-0.0062556230690278365
2024-09-24 15:45:00+00:00,63107.83,63168.0,63102.0,63152.53,2202233,3721,1,63102.0005,1,11467.464535370578,0.14674645353705662,-0.005603066800714819
2024-09-24 15:46:00+00:00,63152.53,63202.0,63146.0,63194.0,1108179,4769,0,63146.0005,1,11467.464535370578,0.14674645353705662,-0.005603066800714819
2024-09-24 15:47:00+00:00,63194.0,63194.01,63106.01,63106.01,902301,2703,0,63106.0105,1,11467.464535370578,0.14674645353705662,-0.005603066800714819
2024-09-24 15:48:00+00:00,63106.0,63130.0,63100.0,63129.99,265033,3819,0,63100.0005,1,11467.464535370578,0.14674645353705662,-0.005603066800714819
2024-09-24 15:49:00+00:00,63129.99,63185.97,63128.0,63171.25,3403985,2825,0,63128.0005,1,11467.464535370578,0.14674645353705662,-0.005603066800714819
2024-09-24 15:50:00+00:00,63171.25,63190.0,63142.0,63142.0,961749,4766,0,63142.0005,1,11467.464535370578,0.14674645353705662,-0.005603066800714819
2024-09-24 15:51:00+00:00,63142.01,63180.0,63142.01,63160.5,437260,4491,0,63142.0105,1,11467.464535370578,0.14674645353705662,-0.005603066800714819
2024-09-24 15:52:00+00:00,63160.5,63175.0,63134.0,63168.53,459593,4459,0,63134.0005,1,11467.464535370578,0.14674645353705662,-0.005603066800714819
2024-09-24 15:53:00+00:00,63168.53,63280.18,63168.52,63248.5,5540061,8081,0,63168.5205,1,11467.464535370578,0.14674645353705662,-0.005603066800714819
2024-09-24 15:54:00+00:00,63248.5,63280.0,63246.08,63246.09,395487,2232,1,63246.0805,1,11471.997410262675,0.1471997410262662,-0.005210000235967763
2024-09-24 15:55:00+00:00,63246.09,63279.19,63246.09,63271.09,570043,2323,0,63246.0905,1,11471.997410262675,0.1471997410262662,-0.005210000235967763
2024-09-24 15:56:00+00:00,63271.09,63271.1,63221.17,63228.56,1024000,3744,0,63221.1705,1,11471.997410262675,0.1471997410262662,-0.005210000235967763
2024-09-24 15:57:00+00:00,63228.56,63243.99,63187.91,63189.0,482648,4073,0,63187.910500000005,1,11471.997410262675,0.1471997410262662,-0.005210000235967763
2024-09-24 15:58:00+00:00,63189.0,63200.01,63180.0,63183.01,502743,3072,0,63180.0005,1,11471.997410262675,0.1471997410262662,-0.005210000235967763
2024-09-24 15:59:00+00:00,63183.0,63183.01,63172.0,63172.01,130665,568,0,63172.0005,1,11471.997410262675,0.1471997410262662,-0.005210000235967763
